source_desc,sector_desc,group_desc,commodity_desc,class_desc,prodn_practice_desc,util_practice_desc,statisticcat_desc,unit_desc,short_desc,domain_desc,domaincat_desc,agg_level_desc,state_ansi,state_fips_code,state_alpha,state_name,asd_code,asd_desc,county_ansi,county_code,county_name,location_desc,year,freq_desc,Value,CV (%),fips_code
CENSUS,ECONOMICS,IRRIGATION,FACILITIES & EQUIPMENT,"IRRIGATION, SYSTEMS & EQUIPMENT",ALL PRODUCTION PRACTICES,ALL UTILIZATION PRACTICES,AREA,ACRES,"FACILITIES & EQUIPMENT, IRRIGATION, SYSTEMS & EQUIPMENT - ACRES",TOTAL,NOT SPECIFIED,COUNTY,51,51,VA,VIRGINIA,20,NORTHERN,43,043,CLARKE,"VIRGINIA, NORTHERN, CLARKE",2022,ANNUAL,253.0,13.3,51043
CENSUS,ECONOMICS,IRRIGATION,FACILITIES & EQUIPMENT,"IRRIGATION, SYSTEMS & EQUIPMENT",ALL PRODUCTION PRACTICES,ALL UTILIZATION PRACTICES,AREA,ACRES,"FACILITIES & EQUIPMENT, IRRIGATION, SYSTEMS & EQUIPMENT - ACRES",TOTAL,NOT SPECIFIED,COUNTY,51,51,VA,VIRGINIA,20,NORTHERN,47,047,CULPEPER,"VIRGINIA, NORTHERN, CULPEPER",2022,ANNUAL,1068.0,13.3,51047
CENSUS,ECONOMICS,IRRIGATION,FACILITIES & EQUIPMENT,"IRRIGATION, SYSTEMS & EQUIPMENT",ALL PRODUCTION PRACTICES,ALL UTILIZATION PRACTICES,AREA,ACRES,"FACILITIES & EQUIPMENT, IRRIGATION, SYSTEMS & EQUIPMENT - ACRES",TOTAL,NOT SPECIFIED,COUNTY,51,51,VA,VIRGINIA,20,NORTHERN,59,059,FAIRFAX,"VIRGINIA, NORTHERN, FAIRFAX",2022,ANNUAL,71.0,13.3,51059
CENSUS,ECONOMICS,IRRIGATION,FACILITIES & EQUIPMENT,"IRRIGATION, SYSTEMS & EQUIPMENT",ALL PRODUCTION PRACTICES,ALL UTILIZATION PRACTICES,AREA,ACRES,"FACILITIES & EQUIPMENT, IRRIGATION, SYSTEMS & EQUIPMENT - ACRES",TOTAL,NOT SPECIFIED,COUNTY,51,51,VA,VIRGINIA,20,NORTHERN,61,061,FAUQUIER,"VIRGINIA, NORTHERN, FAUQUIER",2022,ANNUAL,1332.0,13.3,51061
CENSUS,ECONOMICS,IRRIGATION,FACILITIES & EQUIPMENT,"IRRIGATION, SYSTEMS & EQUIPMENT",ALL PRODUCTION PRACTICES,ALL UTILIZATION PRACTICES,AREA,ACRES,"FACILITIES & EQUIPMENT, IRRIGATION, SYSTEMS & EQUIPMENT - ACRES",TOTAL,NOT SPECIFIED,COUNTY,51,51,VA,VIRGINIA,20,NORTHERN,69,069,FREDERICK,"VIRGINIA, NORTHERN, FREDERICK",2022,ANNUAL,110.0,13.3,51069
CENSUS,ECONOMICS,IRRIGATION,FACILITIES & EQUIPMENT,"IRRIGATION, SYSTEMS & EQUIPMENT",ALL PRODUCTION PRACTICES,ALL UTILIZATION PRACTICES,AREA,ACRES,"FACILITIES & EQUIPMENT, IRRIGATION, SYSTEMS & EQUIPMENT - ACRES",TOTAL,NOT SPECIFIED,COUNTY,51,51,VA,VIRGINIA,20,NORTHERN,107,107,LOUDOUN,"VIRGINIA, NORTHERN, LOUDOUN",2022,ANNUAL,547.0,13.3,51107
CENSUS,ECONOMICS,IRRIGATION,FACILITIES & EQUIPMENT,"IRRIGATION, SYSTEMS & EQUIPMENT",ALL PRODUCTION PRACTICES,ALL UTILIZATION PRACTICES,AREA,ACRES,"FACILITIES & EQUIPMENT, IRRIGATION, SYSTEMS & EQUIPMENT - ACRES",TOTAL,NOT SPECIFIED,COUNTY,51,51,VA,VIRGINIA,20,NORTHERN,113,113,MADISON,"VIRGINIA, NORTHERN, MADISON",2022,ANNUAL,649.0,13.3,51113
CENSUS,ECONOMICS,IRRIGATION,FACILITIES & EQUIPMENT,"IRRIGATION, SYSTEMS & EQUIPMENT",ALL PRODUCTION PRACTICES,ALL UTILIZATION PRACTICES,AREA,ACRES,"FACILITIES & EQUIPMENT, IRRIGATION, SYSTEMS & EQUIPMENT - ACRES",TOTAL,NOT SPECIFIED,COUNTY,51,51,VA,VIRGINIA,20,NORTHERN,139,139,PAGE,"VIRGINIA, NORTHERN, PAGE",2022,ANNUAL,422.0,13.3,51139
CENSUS,ECONOMICS,IRRIGATION,FACILITIES & EQUIPMENT,"IRRIGATION, SYSTEMS & EQUIPMENT",ALL PRODUCTION PRACTICES,ALL UTILIZATION PRACTICES,AREA,ACRES,"FACILITIES & EQUIPMENT, IRRIGATION, SYSTEMS & EQUIPMENT - ACRES",TOTAL,NOT SPECIFIED,COUNTY,51,51,VA,VIRGINIA,20,NORTHERN,153,153,PRINCE WILLIAM,"VIRGINIA, NORTHERN, PRINCE WILLIAM",2022,ANNUAL,1217.0,13.3,51153
CENSUS,ECONOMICS,IRRIGATION,FACILITIES & EQUIPMENT,"IRRIGATION, SYSTEMS & EQUIPMENT",ALL PRODUCTION PRACTICES,ALL UTILIZATION PRACTICES,AREA,ACRES,"FACILITIES & EQUIPMENT, IRRIGATION, SYSTEMS & EQUIPMENT - ACRES",TOTAL,NOT SPECIFIED,COUNTY,51,51,VA,VIRGINIA,20,NORTHERN,157,157,RAPPAHANNOCK,"VIRGINIA, NORTHERN, RAPPAHANNOCK",2022,ANNUAL,112.0,13.3,51157
CENSUS,ECONOMICS,IRRIGATION,FACILITIES & EQUIPMENT,"IRRIGATION, SYSTEMS & EQUIPMENT",ALL PRODUCTION PRACTICES,ALL UTILIZATION PRACTICES,AREA,ACRES,"FACILITIES & EQUIPMENT, IRRIGATION, SYSTEMS & EQUIPMENT - ACRES",TOTAL,NOT SPECIFIED,COUNTY,51,51,VA,VIRGINIA,20,NORTHERN,165,165,ROCKINGHAM,"VIRGINIA, NORTHERN, ROCKINGHAM",2022,ANNUAL,6867.0,13.3,51165
CENSUS,ECONOMICS,IRRIGATION,FACILITIES & EQUIPMENT,"IRRIGATION, SYSTEMS & EQUIPMENT",ALL PRODUCTION PRACTICES,ALL UTILIZATION PRACTICES,AREA,ACRES,"FACILITIES & EQUIPMENT, IRRIGATION, SYSTEMS & EQUIPMENT - ACRES",TOTAL,NOT SPECIFIED,COUNTY,51,51,VA,VIRGINIA,20,NORTHERN,171,171,SHENANDOAH,"VIRGINIA, NORTHERN, SHENANDOAH",2022,ANNUAL,411.0,13.3,51171
CENSUS,ECONOMICS,IRRIGATION,FACILITIES & EQUIPMENT,"IRRIGATION, SYSTEMS & EQUIPMENT",ALL PRODUCTION PRACTICES,ALL UTILIZATION PRACTICES,AREA,ACRES,"FACILITIES & EQUIPMENT, IRRIGATION, SYSTEMS & EQUIPMENT - ACRES",TOTAL,NOT SPECIFIED,COUNTY,51,51,VA,VIRGINIA,20,NORTHERN,179,179,STAFFORD,"VIRGINIA, NORTHERN, STAFFORD",2022,ANNUAL,29.0,13.3,51179
CENSUS,ECONOMICS,IRRIGATION,FACILITIES & EQUIPMENT,"IRRIGATION, SYSTEMS & EQUIPMENT",ALL PRODUCTION PRACTICES,ALL UTILIZATION PRACTICES,AREA,ACRES,"FACILITIES & EQUIPMENT, IRRIGATION, SYSTEMS & EQUIPMENT - ACRES",TOTAL,NOT SPECIFIED,COUNTY,51,51,VA,VIRGINIA,20,NORTHERN,187,187,WARREN,"VIRGINIA, NORTHERN, WARREN",2022,ANNUAL,26.0,13.3,51187
CENSUS,ECONOMICS,IRRIGATION,FACILITIES & EQUIPMENT,"IRRIGATION, SYSTEMS & EQUIPMENT",ALL PRODUCTION PRACTICES,ALL UTILIZATION PRACTICES,AREA,ACRES,"FACILITIES & EQUIPMENT, IRRIGATION, SYSTEMS & EQUIPMENT - ACRES",TOTAL,NOT SPECIFIED,COUNTY,51,51,VA,VIRGINIA,40,WESTERN,5,005,ALLEGHANY,"VIRGINIA, WESTERN, ALLEGHANY",2022,ANNUAL,36.0,13.3,51005
CENSUS,ECONOMICS,IRRIGATION,FACILITIES & EQUIPMENT,"IRRIGATION, SYSTEMS & EQUIPMENT",ALL PRODUCTION PRACTICES,ALL UTILIZATION PRACTICES,AREA,ACRES,"FACILITIES & EQUIPMENT, IRRIGATION, SYSTEMS & EQUIPMENT - ACRES",TOTAL,NOT SPECIFIED,COUNTY,51,51,VA,VIRGINIA,40,WESTERN,15,015,AUGUSTA,"VIRGINIA, WESTERN, AUGUSTA",2022,ANNUAL,3215.0,13.3,51015
CENSUS,ECONOMICS,IRRIGATION,FACILITIES & EQUIPMENT,"IRRIGATION, SYSTEMS & EQUIPMENT",ALL PRODUCTION PRACTICES,ALL UTILIZATION PRACTICES,AREA,ACRES,"FACILITIES & EQUIPMENT, IRRIGATION, SYSTEMS & EQUIPMENT - ACRES",TOTAL,NOT SPECIFIED,COUNTY,51,51,VA,VIRGINIA,40,WESTERN,17,017,BATH,"VIRGINIA, WESTERN, BATH",2022,ANNUAL,4.0,13.3,51017
CENSUS,ECONOMICS,IRRIGATION,FACILITIES & EQUIPMENT,"IRRIGATION, SYSTEMS & EQUIPMENT",ALL PRODUCTION PRACTICES,ALL UTILIZATION PRACTICES,AREA,ACRES,"FACILITIES & EQUIPMENT, IRRIGATION, SYSTEMS & EQUIPMENT - ACRES",TOTAL,NOT SPECIFIED,COUNTY,51,51,VA,VIRGINIA,40,WESTERN,23,023,BOTETOURT,"VIRGINIA, WESTERN, BOTETOURT",2022,ANNUAL,12.0,13.3,51023
CENSUS,ECONOMICS,IRRIGATION,FACILITIES & EQUIPMENT,"IRRIGATION, SYSTEMS & EQUIPMENT",ALL PRODUCTION PRACTICES,ALL UTILIZATION PRACTICES,AREA,ACRES,"FACILITIES & EQUIPMENT, IRRIGATION, SYSTEMS & EQUIPMENT - ACRES",TOTAL,NOT SPECIFIED,COUNTY,51,51,VA,VIRGINIA,40,WESTERN,45,045,CRAIG,"VIRGINIA, WESTERN, CRAIG",2022,ANNUAL,3.0,13.3,51045
CENSUS,ECONOMICS,IRRIGATION,FACILITIES & EQUIPMENT,"IRRIGATION, SYSTEMS & EQUIPMENT",ALL PRODUCTION PRACTICES,ALL UTILIZATION PRACTICES,AREA,ACRES,"FACILITIES & EQUIPMENT, IRRIGATION, SYSTEMS & EQUIPMENT - ACRES",TOTAL,NOT SPECIFIED,COUNTY,51,51,VA,VIRGINIA,40,WESTERN,91,091,HIGHLAND,"VIRGINIA, WESTERN, HIGHLAND",2022,ANNUAL,313.0,13.3,51091
CENSUS,ECONOMICS,IRRIGATION,FACILITIES & EQUIPMENT,"IRRIGATION, SYSTEMS & EQUIPMENT",ALL PRODUCTION PRACTICES,ALL UTILIZATION PRACTICES,AREA,ACRES,"FACILITIES & EQUIPMENT, IRRIGATION, SYSTEMS & EQUIPMENT - ACRES",TOTAL,NOT SPECIFIED,COUNTY,51,51,VA,VIRGINIA,40,WESTERN,161,161,ROANOKE,"VIRGINIA, WESTERN, ROANOKE",2022,ANNUAL,23.0,13.3,51161
CENSUS,ECONOMICS,IRRIGATION,FACILITIES & EQUIPMENT,"IRRIGATION, SYSTEMS & EQUIPMENT",ALL PRODUCTION PRACTICES,ALL UTILIZATION PRACTICES,AREA,ACRES,"FACILITIES & EQUIPMENT, IRRIGATION, SYSTEMS & EQUIPMENT - ACRES",TOTAL,NOT SPECIFIED,COUNTY,51,51,VA,VIRGINIA,40,WESTERN,163,163,ROCKBRIDGE,"VIRGINIA, WESTERN, ROCKBRIDGE",2022,ANNUAL,68.0,13.3,51163
CENSUS,ECONOMICS,IRRIGATION,FACILITIES & EQUIPMENT,"IRRIGATION, SYSTEMS & EQUIPMENT",ALL PRODUCTION PRACTICES,ALL UTILIZATION PRACTICES,AREA,ACRES,"FACILITIES & EQUIPMENT, IRRIGATION, SYSTEMS & EQUIPMENT - ACRES",TOTAL,NOT SPECIFIED,COUNTY,51,51,VA,VIRGINIA,50,CENTRAL,3,003,ALBEMARLE,"VIRGINIA, CENTRAL, ALBEMARLE",2022,ANNUAL,1874.0,13.3,51003
CENSUS,ECONOMICS,IRRIGATION,FACILITIES & EQUIPMENT,"IRRIGATION, SYSTEMS & EQUIPMENT",ALL PRODUCTION PRACTICES,ALL UTILIZATION PRACTICES,AREA,ACRES,"FACILITIES & EQUIPMENT, IRRIGATION, SYSTEMS & EQUIPMENT - ACRES",TOTAL,NOT SPECIFIED,COUNTY,51,51,VA,VIRGINIA,50,CENTRAL,7,007,AMELIA,"VIRGINIA, CENTRAL, AMELIA",2022,ANNUAL,205.0,13.3,51007
CENSUS,ECONOMICS,IRRIGATION,FACILITIES & EQUIPMENT,"IRRIGATION, SYSTEMS & EQUIPMENT",ALL PRODUCTION PRACTICES,ALL UTILIZATION PRACTICES,AREA,ACRES,"FACILITIES & EQUIPMENT, IRRIGATION, SYSTEMS & EQUIPMENT - ACRES",TOTAL,NOT SPECIFIED,COUNTY,51,51,VA,VIRGINIA,50,CENTRAL,9,009,AMHERST,"VIRGINIA, CENTRAL, AMHERST",2022,ANNUAL,222.0,13.3,51009
CENSUS,ECONOMICS,IRRIGATION,FACILITIES & EQUIPMENT,"IRRIGATION, SYSTEMS & EQUIPMENT",ALL PRODUCTION PRACTICES,ALL UTILIZATION PRACTICES,AREA,ACRES,"FACILITIES & EQUIPMENT, IRRIGATION, SYSTEMS & EQUIPMENT - ACRES",TOTAL,NOT SPECIFIED,COUNTY,51,51,VA,VIRGINIA,50,CENTRAL,11,011,APPOMATTOX,"VIRGINIA, CENTRAL, APPOMATTOX",2022,ANNUAL,70.0,13.3,51011
CENSUS,ECONOMICS,IRRIGATION,FACILITIES & EQUIPMENT,"IRRIGATION, SYSTEMS & EQUIPMENT",ALL PRODUCTION PRACTICES,ALL UTILIZATION PRACTICES,AREA,ACRES,"FACILITIES & EQUIPMENT, IRRIGATION, SYSTEMS & EQUIPMENT - ACRES",TOTAL,NOT SPECIFIED,COUNTY,51,51,VA,VIRGINIA,50,CENTRAL,19,019,BEDFORD,"VIRGINIA, CENTRAL, BEDFORD",2022,ANNUAL,81.0,13.3,51019
CENSUS,ECONOMICS,IRRIGATION,FACILITIES & EQUIPMENT,"IRRIGATION, SYSTEMS & EQUIPMENT",ALL PRODUCTION PRACTICES,ALL UTILIZATION PRACTICES,AREA,ACRES,"FACILITIES & EQUIPMENT, IRRIGATION, SYSTEMS & EQUIPMENT - ACRES",TOTAL,NOT SPECIFIED,COUNTY,51,51,VA,VIRGINIA,50,CENTRAL,29,029,BUCKINGHAM,"VIRGINIA, CENTRAL, BUCKINGHAM",2022,ANNUAL,92.0,13.3,51029
CENSUS,ECONOMICS,IRRIGATION,FACILITIES & EQUIPMENT,"IRRIGATION, SYSTEMS & EQUIPMENT",ALL PRODUCTION PRACTICES,ALL UTILIZATION PRACTICES,AREA,ACRES,"FACILITIES & EQUIPMENT, IRRIGATION, SYSTEMS & EQUIPMENT - ACRES",TOTAL,NOT SPECIFIED,COUNTY,51,51,VA,VIRGINIA,50,CENTRAL,31,031,CAMPBELL,"VIRGINIA, CENTRAL, CAMPBELL",2022,ANNUAL,106.0,13.3,51031
CENSUS,ECONOMICS,IRRIGATION,FACILITIES & EQUIPMENT,"IRRIGATION, SYSTEMS & EQUIPMENT",ALL PRODUCTION PRACTICES,ALL UTILIZATION PRACTICES,AREA,ACRES,"FACILITIES & EQUIPMENT, IRRIGATION, SYSTEMS & EQUIPMENT - ACRES",TOTAL,NOT SPECIFIED,COUNTY,51,51,VA,VIRGINIA,50,CENTRAL,33,033,CAROLINE,"VIRGINIA, CENTRAL, CAROLINE",2022,ANNUAL,2246.0,13.3,51033
CENSUS,ECONOMICS,IRRIGATION,FACILITIES & EQUIPMENT,"IRRIGATION, SYSTEMS & EQUIPMENT",ALL PRODUCTION PRACTICES,ALL UTILIZATION PRACTICES,AREA,ACRES,"FACILITIES & EQUIPMENT, IRRIGATION, SYSTEMS & EQUIPMENT - ACRES",TOTAL,NOT SPECIFIED,COUNTY,51,51,VA,VIRGINIA,50,CENTRAL,41,041,CHESTERFIELD,"VIRGINIA, CENTRAL, CHESTERFIELD",2022,ANNUAL,126.0,13.3,51041
CENSUS,ECONOMICS,IRRIGATION,FACILITIES & EQUIPMENT,"IRRIGATION, SYSTEMS & EQUIPMENT",ALL PRODUCTION PRACTICES,ALL UTILIZATION PRACTICES,AREA,ACRES,"FACILITIES & EQUIPMENT, IRRIGATION, SYSTEMS & EQUIPMENT - ACRES",TOTAL,NOT SPECIFIED,COUNTY,51,51,VA,VIRGINIA,50,CENTRAL,49,049,CUMBERLAND,"VIRGINIA, CENTRAL, CUMBERLAND",2022,ANNUAL,64.0,13.3,51049
CENSUS,ECONOMICS,IRRIGATION,FACILITIES & EQUIPMENT,"IRRIGATION, SYSTEMS & EQUIPMENT",ALL PRODUCTION PRACTICES,ALL UTILIZATION PRACTICES,AREA,ACRES,"FACILITIES & EQUIPMENT, IRRIGATION, SYSTEMS & EQUIPMENT - ACRES",TOTAL,NOT SPECIFIED,COUNTY,51,51,VA,VIRGINIA,50,CENTRAL,65,065,FLUVANNA,"VIRGINIA, CENTRAL, FLUVANNA",2022,ANNUAL,168.0,13.3,51065
CENSUS,ECONOMICS,IRRIGATION,FACILITIES & EQUIPMENT,"IRRIGATION, SYSTEMS & EQUIPMENT",ALL PRODUCTION PRACTICES,ALL UTILIZATION PRACTICES,AREA,ACRES,"FACILITIES & EQUIPMENT, IRRIGATION, SYSTEMS & EQUIPMENT - ACRES",TOTAL,NOT SPECIFIED,COUNTY,51,51,VA,VIRGINIA,50,CENTRAL,75,075,GOOCHLAND,"VIRGINIA, CENTRAL, GOOCHLAND",2022,ANNUAL,67.0,13.3,51075
CENSUS,ECONOMICS,IRRIGATION,FACILITIES & EQUIPMENT,"IRRIGATION, SYSTEMS & EQUIPMENT",ALL PRODUCTION PRACTICES,ALL UTILIZATION PRACTICES,AREA,ACRES,"FACILITIES & EQUIPMENT, IRRIGATION, SYSTEMS & EQUIPMENT - ACRES",TOTAL,NOT SPECIFIED,COUNTY,51,51,VA,VIRGINIA,50,CENTRAL,79,079,GREENE,"VIRGINIA, CENTRAL, GREENE",2022,ANNUAL,,(D),51079
CENSUS,ECONOMICS,IRRIGATION,FACILITIES & EQUIPMENT,"IRRIGATION, SYSTEMS & EQUIPMENT",ALL PRODUCTION PRACTICES,ALL UTILIZATION PRACTICES,AREA,ACRES,"FACILITIES & EQUIPMENT, IRRIGATION, SYSTEMS & EQUIPMENT - ACRES",TOTAL,NOT SPECIFIED,COUNTY,51,51,VA,VIRGINIA,50,CENTRAL,85,085,HANOVER,"VIRGINIA, CENTRAL, HANOVER",2022,ANNUAL,3230.0,13.3,51085
CENSUS,ECONOMICS,IRRIGATION,FACILITIES & EQUIPMENT,"IRRIGATION, SYSTEMS & EQUIPMENT",ALL PRODUCTION PRACTICES,ALL UTILIZATION PRACTICES,AREA,ACRES,"FACILITIES & EQUIPMENT, IRRIGATION, SYSTEMS & EQUIPMENT - ACRES",TOTAL,NOT SPECIFIED,COUNTY,51,51,VA,VIRGINIA,50,CENTRAL,87,087,HENRICO,"VIRGINIA, CENTRAL, HENRICO",2022,ANNUAL,,(D),51087
CENSUS,ECONOMICS,IRRIGATION,FACILITIES & EQUIPMENT,"IRRIGATION, SYSTEMS & EQUIPMENT",ALL PRODUCTION PRACTICES,ALL UTILIZATION PRACTICES,AREA,ACRES,"FACILITIES & EQUIPMENT, IRRIGATION, SYSTEMS & EQUIPMENT - ACRES",TOTAL,NOT SPECIFIED,COUNTY,51,51,VA,VIRGINIA,50,CENTRAL,109,109,LOUISA,"VIRGINIA, CENTRAL, LOUISA",2022,ANNUAL,583.0,13.3,51109
CENSUS,ECONOMICS,IRRIGATION,FACILITIES & EQUIPMENT,"IRRIGATION, SYSTEMS & EQUIPMENT",ALL PRODUCTION PRACTICES,ALL UTILIZATION PRACTICES,AREA,ACRES,"FACILITIES & EQUIPMENT, IRRIGATION, SYSTEMS & EQUIPMENT - ACRES",TOTAL,NOT SPECIFIED,COUNTY,51,51,VA,VIRGINIA,50,CENTRAL,125,125,NELSON,"VIRGINIA, CENTRAL, NELSON",2022,ANNUAL,980.0,13.3,51125
CENSUS,ECONOMICS,IRRIGATION,FACILITIES & EQUIPMENT,"IRRIGATION, SYSTEMS & EQUIPMENT",ALL PRODUCTION PRACTICES,ALL UTILIZATION PRACTICES,AREA,ACRES,"FACILITIES & EQUIPMENT, IRRIGATION, SYSTEMS & EQUIPMENT - ACRES",TOTAL,NOT SPECIFIED,COUNTY,51,51,VA,VIRGINIA,50,CENTRAL,137,137,ORANGE,"VIRGINIA, CENTRAL, ORANGE",2022,ANNUAL,230.0,13.3,51137
CENSUS,ECONOMICS,IRRIGATION,FACILITIES & EQUIPMENT,"IRRIGATION, SYSTEMS & EQUIPMENT",ALL PRODUCTION PRACTICES,ALL UTILIZATION PRACTICES,AREA,ACRES,"FACILITIES & EQUIPMENT, IRRIGATION, SYSTEMS & EQUIPMENT - ACRES",TOTAL,NOT SPECIFIED,COUNTY,51,51,VA,VIRGINIA,50,CENTRAL,145,145,POWHATAN,"VIRGINIA, CENTRAL, POWHATAN",2022,ANNUAL,123.0,13.3,51145
CENSUS,ECONOMICS,IRRIGATION,FACILITIES & EQUIPMENT,"IRRIGATION, SYSTEMS & EQUIPMENT",ALL PRODUCTION PRACTICES,ALL UTILIZATION PRACTICES,AREA,ACRES,"FACILITIES & EQUIPMENT, IRRIGATION, SYSTEMS & EQUIPMENT - ACRES",TOTAL,NOT SPECIFIED,COUNTY,51,51,VA,VIRGINIA,50,CENTRAL,147,147,PRINCE EDWARD,"VIRGINIA, CENTRAL, PRINCE EDWARD",2022,ANNUAL,49.0,13.3,51147
CENSUS,ECONOMICS,IRRIGATION,FACILITIES & EQUIPMENT,"IRRIGATION, SYSTEMS & EQUIPMENT",ALL PRODUCTION PRACTICES,ALL UTILIZATION PRACTICES,AREA,ACRES,"FACILITIES & EQUIPMENT, IRRIGATION, SYSTEMS & EQUIPMENT - ACRES",TOTAL,NOT SPECIFIED,COUNTY,51,51,VA,VIRGINIA,50,CENTRAL,177,177,SPOTSYLVANIA,"VIRGINIA, CENTRAL, SPOTSYLVANIA",2022,ANNUAL,159.0,13.3,51177
CENSUS,ECONOMICS,IRRIGATION,FACILITIES & EQUIPMENT,"IRRIGATION, SYSTEMS & EQUIPMENT",ALL PRODUCTION PRACTICES,ALL UTILIZATION PRACTICES,AREA,ACRES,"FACILITIES & EQUIPMENT, IRRIGATION, SYSTEMS & EQUIPMENT - ACRES",TOTAL,NOT SPECIFIED,COUNTY,51,51,VA,VIRGINIA,60,EASTERN,1,001,ACCOMACK,"VIRGINIA, EASTERN, ACCOMACK",2022,ANNUAL,5214.0,13.3,51001
CENSUS,ECONOMICS,IRRIGATION,FACILITIES & EQUIPMENT,"IRRIGATION, SYSTEMS & EQUIPMENT",ALL PRODUCTION PRACTICES,ALL UTILIZATION PRACTICES,AREA,ACRES,"FACILITIES & EQUIPMENT, IRRIGATION, SYSTEMS & EQUIPMENT - ACRES",TOTAL,NOT SPECIFIED,COUNTY,51,51,VA,VIRGINIA,60,EASTERN,36,036,CHARLES CITY,"VIRGINIA, EASTERN, CHARLES CITY",2022,ANNUAL,2945.0,13.3,51036
CENSUS,ECONOMICS,IRRIGATION,FACILITIES & EQUIPMENT,"IRRIGATION, SYSTEMS & EQUIPMENT",ALL PRODUCTION PRACTICES,ALL UTILIZATION PRACTICES,AREA,ACRES,"FACILITIES & EQUIPMENT, IRRIGATION, SYSTEMS & EQUIPMENT - ACRES",TOTAL,NOT SPECIFIED,COUNTY,51,51,VA,VIRGINIA,60,EASTERN,57,057,ESSEX,"VIRGINIA, EASTERN, ESSEX",2022,ANNUAL,,(D),51057
CENSUS,ECONOMICS,IRRIGATION,FACILITIES & EQUIPMENT,"IRRIGATION, SYSTEMS & EQUIPMENT",ALL PRODUCTION PRACTICES,ALL UTILIZATION PRACTICES,AREA,ACRES,"FACILITIES & EQUIPMENT, IRRIGATION, SYSTEMS & EQUIPMENT - ACRES",TOTAL,NOT SPECIFIED,COUNTY,51,51,VA,VIRGINIA,60,EASTERN,73,073,GLOUCESTER,"VIRGINIA, EASTERN, GLOUCESTER",2022,ANNUAL,107.0,13.3,51073
CENSUS,ECONOMICS,IRRIGATION,FACILITIES & EQUIPMENT,"IRRIGATION, SYSTEMS & EQUIPMENT",ALL PRODUCTION PRACTICES,ALL UTILIZATION PRACTICES,AREA,ACRES,"FACILITIES & EQUIPMENT, IRRIGATION, SYSTEMS & EQUIPMENT - ACRES",TOTAL,NOT SPECIFIED,COUNTY,51,51,VA,VIRGINIA,60,EASTERN,95,095,JAMES CITY,"VIRGINIA, EASTERN, JAMES CITY",2022,ANNUAL,167.0,13.3,51095
CENSUS,ECONOMICS,IRRIGATION,FACILITIES & EQUIPMENT,"IRRIGATION, SYSTEMS & EQUIPMENT",ALL PRODUCTION PRACTICES,ALL UTILIZATION PRACTICES,AREA,ACRES,"FACILITIES & EQUIPMENT, IRRIGATION, SYSTEMS & EQUIPMENT - ACRES",TOTAL,NOT SPECIFIED,COUNTY,51,51,VA,VIRGINIA,60,EASTERN,97,097,KING AND QUEEN,"VIRGINIA, EASTERN, KING AND QUEEN",2022,ANNUAL,1441.0,13.3,51097
CENSUS,ECONOMICS,IRRIGATION,FACILITIES & EQUIPMENT,"IRRIGATION, SYSTEMS & EQUIPMENT",ALL PRODUCTION PRACTICES,ALL UTILIZATION PRACTICES,AREA,ACRES,"FACILITIES & EQUIPMENT, IRRIGATION, SYSTEMS & EQUIPMENT - ACRES",TOTAL,NOT SPECIFIED,COUNTY,51,51,VA,VIRGINIA,60,EASTERN,99,099,KING GEORGE,"VIRGINIA, EASTERN, KING GEORGE",2022,ANNUAL,,(D),51099
CENSUS,ECONOMICS,IRRIGATION,FACILITIES & EQUIPMENT,"IRRIGATION, SYSTEMS & EQUIPMENT",ALL PRODUCTION PRACTICES,ALL UTILIZATION PRACTICES,AREA,ACRES,"FACILITIES & EQUIPMENT, IRRIGATION, SYSTEMS & EQUIPMENT - ACRES",TOTAL,NOT SPECIFIED,COUNTY,51,51,VA,VIRGINIA,60,EASTERN,101,101,KING WILLIAM,"VIRGINIA, EASTERN, KING WILLIAM",2022,ANNUAL,2954.0,13.3,51101
CENSUS,ECONOMICS,IRRIGATION,FACILITIES & EQUIPMENT,"IRRIGATION, SYSTEMS & EQUIPMENT",ALL PRODUCTION PRACTICES,ALL UTILIZATION PRACTICES,AREA,ACRES,"FACILITIES & EQUIPMENT, IRRIGATION, SYSTEMS & EQUIPMENT - ACRES",TOTAL,NOT SPECIFIED,COUNTY,51,51,VA,VIRGINIA,60,EASTERN,103,103,LANCASTER,"VIRGINIA, EASTERN, LANCASTER",2022,ANNUAL,7.0,13.3,51103
CENSUS,ECONOMICS,IRRIGATION,FACILITIES & EQUIPMENT,"IRRIGATION, SYSTEMS & EQUIPMENT",ALL PRODUCTION PRACTICES,ALL UTILIZATION PRACTICES,AREA,ACRES,"FACILITIES & EQUIPMENT, IRRIGATION, SYSTEMS & EQUIPMENT - ACRES",TOTAL,NOT SPECIFIED,COUNTY,51,51,VA,VIRGINIA,60,EASTERN,115,115,MATHEWS,"VIRGINIA, EASTERN, MATHEWS",2022,ANNUAL,,(D),51115
CENSUS,ECONOMICS,IRRIGATION,FACILITIES & EQUIPMENT,"IRRIGATION, SYSTEMS & EQUIPMENT",ALL PRODUCTION PRACTICES,ALL UTILIZATION PRACTICES,AREA,ACRES,"FACILITIES & EQUIPMENT, IRRIGATION, SYSTEMS & EQUIPMENT - ACRES",TOTAL,NOT SPECIFIED,COUNTY,51,51,VA,VIRGINIA,60,EASTERN,119,119,MIDDLESEX,"VIRGINIA, EASTERN, MIDDLESEX",2022,ANNUAL,431.0,(L),51119
CENSUS,ECONOMICS,IRRIGATION,FACILITIES & EQUIPMENT,"IRRIGATION, SYSTEMS & EQUIPMENT",ALL PRODUCTION PRACTICES,ALL UTILIZATION PRACTICES,AREA,ACRES,"FACILITIES & EQUIPMENT, IRRIGATION, SYSTEMS & EQUIPMENT - ACRES",TOTAL,NOT SPECIFIED,COUNTY,51,51,VA,VIRGINIA,60,EASTERN,127,127,NEW KENT,"VIRGINIA, EASTERN, NEW KENT",2022,ANNUAL,521.0,13.3,51127
CENSUS,ECONOMICS,IRRIGATION,FACILITIES & EQUIPMENT,"IRRIGATION, SYSTEMS & EQUIPMENT",ALL PRODUCTION PRACTICES,ALL UTILIZATION PRACTICES,AREA,ACRES,"FACILITIES & EQUIPMENT, IRRIGATION, SYSTEMS & EQUIPMENT - ACRES",TOTAL,NOT SPECIFIED,COUNTY,51,51,VA,VIRGINIA,60,EASTERN,131,131,NORTHAMPTON,"VIRGINIA, EASTERN, NORTHAMPTON",2022,ANNUAL,7382.0,13.3,51131
CENSUS,ECONOMICS,IRRIGATION,FACILITIES & EQUIPMENT,"IRRIGATION, SYSTEMS & EQUIPMENT",ALL PRODUCTION PRACTICES,ALL UTILIZATION PRACTICES,AREA,ACRES,"FACILITIES & EQUIPMENT, IRRIGATION, SYSTEMS & EQUIPMENT - ACRES",TOTAL,NOT SPECIFIED,COUNTY,51,51,VA,VIRGINIA,60,EASTERN,133,133,NORTHUMBERLAND,"VIRGINIA, EASTERN, NORTHUMBERLAND",2022,ANNUAL,139.0,13.3,51133
CENSUS,ECONOMICS,IRRIGATION,FACILITIES & EQUIPMENT,"IRRIGATION, SYSTEMS & EQUIPMENT",ALL PRODUCTION PRACTICES,ALL UTILIZATION PRACTICES,AREA,ACRES,"FACILITIES & EQUIPMENT, IRRIGATION, SYSTEMS & EQUIPMENT - ACRES",TOTAL,NOT SPECIFIED,COUNTY,51,51,VA,VIRGINIA,60,EASTERN,159,159,RICHMOND,"VIRGINIA, EASTERN, RICHMOND",2022,ANNUAL,57.0,13.3,51159
CENSUS,ECONOMICS,IRRIGATION,FACILITIES & EQUIPMENT,"IRRIGATION, SYSTEMS & EQUIPMENT",ALL PRODUCTION PRACTICES,ALL UTILIZATION PRACTICES,AREA,ACRES,"FACILITIES & EQUIPMENT, IRRIGATION, SYSTEMS & EQUIPMENT - ACRES",TOTAL,NOT SPECIFIED,COUNTY,51,51,VA,VIRGINIA,60,EASTERN,193,193,WESTMORELAND,"VIRGINIA, EASTERN, WESTMORELAND",2022,ANNUAL,2138.0,13.3,51193
CENSUS,ECONOMICS,IRRIGATION,FACILITIES & EQUIPMENT,"IRRIGATION, SYSTEMS & EQUIPMENT",ALL PRODUCTION PRACTICES,ALL UTILIZATION PRACTICES,AREA,ACRES,"FACILITIES & EQUIPMENT, IRRIGATION, SYSTEMS & EQUIPMENT - ACRES",TOTAL,NOT SPECIFIED,COUNTY,51,51,VA,VIRGINIA,60,EASTERN,199,199,YORK,"VIRGINIA, EASTERN, YORK",2022,ANNUAL,18.0,13.3,51199
CENSUS,ECONOMICS,IRRIGATION,FACILITIES & EQUIPMENT,"IRRIGATION, SYSTEMS & EQUIPMENT",ALL PRODUCTION PRACTICES,ALL UTILIZATION PRACTICES,AREA,ACRES,"FACILITIES & EQUIPMENT, IRRIGATION, SYSTEMS & EQUIPMENT - ACRES",TOTAL,NOT SPECIFIED,COUNTY,51,51,VA,VIRGINIA,70,SOUTHWESTERN,21,021,BLAND,"VIRGINIA, SOUTHWESTERN, BLAND",2022,ANNUAL,1095.0,13.3,51021
CENSUS,ECONOMICS,IRRIGATION,FACILITIES & EQUIPMENT,"IRRIGATION, SYSTEMS & EQUIPMENT",ALL PRODUCTION PRACTICES,ALL UTILIZATION PRACTICES,AREA,ACRES,"FACILITIES & EQUIPMENT, IRRIGATION, SYSTEMS & EQUIPMENT - ACRES",TOTAL,NOT SPECIFIED,COUNTY,51,51,VA,VIRGINIA,70,SOUTHWESTERN,27,027,BUCHANAN,"VIRGINIA, SOUTHWESTERN, BUCHANAN",2022,ANNUAL,,(D),51027
CENSUS,ECONOMICS,IRRIGATION,FACILITIES & EQUIPMENT,"IRRIGATION, SYSTEMS & EQUIPMENT",ALL PRODUCTION PRACTICES,ALL UTILIZATION PRACTICES,AREA,ACRES,"FACILITIES & EQUIPMENT, IRRIGATION, SYSTEMS & EQUIPMENT - ACRES",TOTAL,NOT SPECIFIED,COUNTY,51,51,VA,VIRGINIA,70,SOUTHWESTERN,35,035,CARROLL,"VIRGINIA, SOUTHWESTERN, CARROLL",2022,ANNUAL,487.0,13.3,51035
CENSUS,ECONOMICS,IRRIGATION,FACILITIES & EQUIPMENT,"IRRIGATION, SYSTEMS & EQUIPMENT",ALL PRODUCTION PRACTICES,ALL UTILIZATION PRACTICES,AREA,ACRES,"FACILITIES & EQUIPMENT, IRRIGATION, SYSTEMS & EQUIPMENT - ACRES",TOTAL,NOT SPECIFIED,COUNTY,51,51,VA,VIRGINIA,70,SOUTHWESTERN,51,051,DICKENSON,"VIRGINIA, SOUTHWESTERN, DICKENSON",2022,ANNUAL,90.0,(L),51051
CENSUS,ECONOMICS,IRRIGATION,FACILITIES & EQUIPMENT,"IRRIGATION, SYSTEMS & EQUIPMENT",ALL PRODUCTION PRACTICES,ALL UTILIZATION PRACTICES,AREA,ACRES,"FACILITIES & EQUIPMENT, IRRIGATION, SYSTEMS & EQUIPMENT - ACRES",TOTAL,NOT SPECIFIED,COUNTY,51,51,VA,VIRGINIA,70,SOUTHWESTERN,63,063,FLOYD,"VIRGINIA, SOUTHWESTERN, FLOYD",2022,ANNUAL,232.0,13.3,51063
CENSUS,ECONOMICS,IRRIGATION,FACILITIES & EQUIPMENT,"IRRIGATION, SYSTEMS & EQUIPMENT",ALL PRODUCTION PRACTICES,ALL UTILIZATION PRACTICES,AREA,ACRES,"FACILITIES & EQUIPMENT, IRRIGATION, SYSTEMS & EQUIPMENT - ACRES",TOTAL,NOT SPECIFIED,COUNTY,51,51,VA,VIRGINIA,70,SOUTHWESTERN,71,071,GILES,"VIRGINIA, SOUTHWESTERN, GILES",2022,ANNUAL,45.0,13.3,51071
CENSUS,ECONOMICS,IRRIGATION,FACILITIES & EQUIPMENT,"IRRIGATION, SYSTEMS & EQUIPMENT",ALL PRODUCTION PRACTICES,ALL UTILIZATION PRACTICES,AREA,ACRES,"FACILITIES & EQUIPMENT, IRRIGATION, SYSTEMS & EQUIPMENT - ACRES",TOTAL,NOT SPECIFIED,COUNTY,51,51,VA,VIRGINIA,70,SOUTHWESTERN,77,077,GRAYSON,"VIRGINIA, SOUTHWESTERN, GRAYSON",2022,ANNUAL,,(D),51077
CENSUS,ECONOMICS,IRRIGATION,FACILITIES & EQUIPMENT,"IRRIGATION, SYSTEMS & EQUIPMENT",ALL PRODUCTION PRACTICES,ALL UTILIZATION PRACTICES,AREA,ACRES,"FACILITIES & EQUIPMENT, IRRIGATION, SYSTEMS & EQUIPMENT - ACRES",TOTAL,NOT SPECIFIED,COUNTY,51,51,VA,VIRGINIA,70,SOUTHWESTERN,105,105,LEE,"VIRGINIA, SOUTHWESTERN, LEE",2022,ANNUAL,11.0,13.3,51105
CENSUS,ECONOMICS,IRRIGATION,FACILITIES & EQUIPMENT,"IRRIGATION, SYSTEMS & EQUIPMENT",ALL PRODUCTION PRACTICES,ALL UTILIZATION PRACTICES,AREA,ACRES,"FACILITIES & EQUIPMENT, IRRIGATION, SYSTEMS & EQUIPMENT - ACRES",TOTAL,NOT SPECIFIED,COUNTY,51,51,VA,VIRGINIA,70,SOUTHWESTERN,121,121,MONTGOMERY,"VIRGINIA, SOUTHWESTERN, MONTGOMERY",2022,ANNUAL,329.0,13.3,51121
CENSUS,ECONOMICS,IRRIGATION,FACILITIES & EQUIPMENT,"IRRIGATION, SYSTEMS & EQUIPMENT",ALL PRODUCTION PRACTICES,ALL UTILIZATION PRACTICES,AREA,ACRES,"FACILITIES & EQUIPMENT, IRRIGATION, SYSTEMS & EQUIPMENT - ACRES",TOTAL,NOT SPECIFIED,COUNTY,51,51,VA,VIRGINIA,70,SOUTHWESTERN,155,155,PULASKI,"VIRGINIA, SOUTHWESTERN, PULASKI",2022,ANNUAL,40.0,13.3,51155
CENSUS,ECONOMICS,IRRIGATION,FACILITIES & EQUIPMENT,"IRRIGATION, SYSTEMS & EQUIPMENT",ALL PRODUCTION PRACTICES,ALL UTILIZATION PRACTICES,AREA,ACRES,"FACILITIES & EQUIPMENT, IRRIGATION, SYSTEMS & EQUIPMENT - ACRES",TOTAL,NOT SPECIFIED,COUNTY,51,51,VA,VIRGINIA,70,SOUTHWESTERN,167,167,RUSSELL,"VIRGINIA, SOUTHWESTERN, RUSSELL",2022,ANNUAL,39.0,13.3,51167
CENSUS,ECONOMICS,IRRIGATION,FACILITIES & EQUIPMENT,"IRRIGATION, SYSTEMS & EQUIPMENT",ALL PRODUCTION PRACTICES,ALL UTILIZATION PRACTICES,AREA,ACRES,"FACILITIES & EQUIPMENT, IRRIGATION, SYSTEMS & EQUIPMENT - ACRES",TOTAL,NOT SPECIFIED,COUNTY,51,51,VA,VIRGINIA,70,SOUTHWESTERN,169,169,SCOTT,"VIRGINIA, SOUTHWESTERN, SCOTT",2022,ANNUAL,151.0,13.3,51169
CENSUS,ECONOMICS,IRRIGATION,FACILITIES & EQUIPMENT,"IRRIGATION, SYSTEMS & EQUIPMENT",ALL PRODUCTION PRACTICES,ALL UTILIZATION PRACTICES,AREA,ACRES,"FACILITIES & EQUIPMENT, IRRIGATION, SYSTEMS & EQUIPMENT - ACRES",TOTAL,NOT SPECIFIED,COUNTY,51,51,VA,VIRGINIA,70,SOUTHWESTERN,173,173,SMYTH,"VIRGINIA, SOUTHWESTERN, SMYTH",2022,ANNUAL,12.0,13.3,51173
CENSUS,ECONOMICS,IRRIGATION,FACILITIES & EQUIPMENT,"IRRIGATION, SYSTEMS & EQUIPMENT",ALL PRODUCTION PRACTICES,ALL UTILIZATION PRACTICES,AREA,ACRES,"FACILITIES & EQUIPMENT, IRRIGATION, SYSTEMS & EQUIPMENT - ACRES",TOTAL,NOT SPECIFIED,COUNTY,51,51,VA,VIRGINIA,70,SOUTHWESTERN,185,185,TAZEWELL,"VIRGINIA, SOUTHWESTERN, TAZEWELL",2022,ANNUAL,18.0,13.3,51185
CENSUS,ECONOMICS,IRRIGATION,FACILITIES & EQUIPMENT,"IRRIGATION, SYSTEMS & EQUIPMENT",ALL PRODUCTION PRACTICES,ALL UTILIZATION PRACTICES,AREA,ACRES,"FACILITIES & EQUIPMENT, IRRIGATION, SYSTEMS & EQUIPMENT - ACRES",TOTAL,NOT SPECIFIED,COUNTY,51,51,VA,VIRGINIA,70,SOUTHWESTERN,191,191,WASHINGTON,"VIRGINIA, SOUTHWESTERN, WASHINGTON",2022,ANNUAL,283.0,13.3,51191
CENSUS,ECONOMICS,IRRIGATION,FACILITIES & EQUIPMENT,"IRRIGATION, SYSTEMS & EQUIPMENT",ALL PRODUCTION PRACTICES,ALL UTILIZATION PRACTICES,AREA,ACRES,"FACILITIES & EQUIPMENT, IRRIGATION, SYSTEMS & EQUIPMENT - ACRES",TOTAL,NOT SPECIFIED,COUNTY,51,51,VA,VIRGINIA,70,SOUTHWESTERN,195,195,WISE,"VIRGINIA, SOUTHWESTERN, WISE",2022,ANNUAL,95.0,13.3,51195
CENSUS,ECONOMICS,IRRIGATION,FACILITIES & EQUIPMENT,"IRRIGATION, SYSTEMS & EQUIPMENT",ALL PRODUCTION PRACTICES,ALL UTILIZATION PRACTICES,AREA,ACRES,"FACILITIES & EQUIPMENT, IRRIGATION, SYSTEMS & EQUIPMENT - ACRES",TOTAL,NOT SPECIFIED,COUNTY,51,51,VA,VIRGINIA,70,SOUTHWESTERN,197,197,WYTHE,"VIRGINIA, SOUTHWESTERN, WYTHE",2022,ANNUAL,37.0,13.3,51197
CENSUS,ECONOMICS,IRRIGATION,FACILITIES & EQUIPMENT,"IRRIGATION, SYSTEMS & EQUIPMENT",ALL PRODUCTION PRACTICES,ALL UTILIZATION PRACTICES,AREA,ACRES,"FACILITIES & EQUIPMENT, IRRIGATION, SYSTEMS & EQUIPMENT - ACRES",TOTAL,NOT SPECIFIED,COUNTY,51,51,VA,VIRGINIA,80,SOUTHERN,37,037,CHARLOTTE,"VIRGINIA, SOUTHERN, CHARLOTTE",2022,ANNUAL,728.0,13.3,51037
CENSUS,ECONOMICS,IRRIGATION,FACILITIES & EQUIPMENT,"IRRIGATION, SYSTEMS & EQUIPMENT",ALL PRODUCTION PRACTICES,ALL UTILIZATION PRACTICES,AREA,ACRES,"FACILITIES & EQUIPMENT, IRRIGATION, SYSTEMS & EQUIPMENT - ACRES",TOTAL,NOT SPECIFIED,COUNTY,51,51,VA,VIRGINIA,80,SOUTHERN,67,067,FRANKLIN,"VIRGINIA, SOUTHERN, FRANKLIN",2022,ANNUAL,765.0,13.3,51067
CENSUS,ECONOMICS,IRRIGATION,FACILITIES & EQUIPMENT,"IRRIGATION, SYSTEMS & EQUIPMENT",ALL PRODUCTION PRACTICES,ALL UTILIZATION PRACTICES,AREA,ACRES,"FACILITIES & EQUIPMENT, IRRIGATION, SYSTEMS & EQUIPMENT - ACRES",TOTAL,NOT SPECIFIED,COUNTY,51,51,VA,VIRGINIA,80,SOUTHERN,83,083,HALIFAX,"VIRGINIA, SOUTHERN, HALIFAX",2022,ANNUAL,944.0,13.3,51083
CENSUS,ECONOMICS,IRRIGATION,FACILITIES & EQUIPMENT,"IRRIGATION, SYSTEMS & EQUIPMENT",ALL PRODUCTION PRACTICES,ALL UTILIZATION PRACTICES,AREA,ACRES,"FACILITIES & EQUIPMENT, IRRIGATION, SYSTEMS & EQUIPMENT - ACRES",TOTAL,NOT SPECIFIED,COUNTY,51,51,VA,VIRGINIA,80,SOUTHERN,89,089,HENRY,"VIRGINIA, SOUTHERN, HENRY",2022,ANNUAL,146.0,13.3,51089
CENSUS,ECONOMICS,IRRIGATION,FACILITIES & EQUIPMENT,"IRRIGATION, SYSTEMS & EQUIPMENT",ALL PRODUCTION PRACTICES,ALL UTILIZATION PRACTICES,AREA,ACRES,"FACILITIES & EQUIPMENT, IRRIGATION, SYSTEMS & EQUIPMENT - ACRES",TOTAL,NOT SPECIFIED,COUNTY,51,51,VA,VIRGINIA,80,SOUTHERN,111,111,LUNENBURG,"VIRGINIA, SOUTHERN, LUNENBURG",2022,ANNUAL,1079.0,13.3,51111
CENSUS,ECONOMICS,IRRIGATION,FACILITIES & EQUIPMENT,"IRRIGATION, SYSTEMS & EQUIPMENT",ALL PRODUCTION PRACTICES,ALL UTILIZATION PRACTICES,AREA,ACRES,"FACILITIES & EQUIPMENT, IRRIGATION, SYSTEMS & EQUIPMENT - ACRES",TOTAL,NOT SPECIFIED,COUNTY,51,51,VA,VIRGINIA,80,SOUTHERN,135,135,NOTTOWAY,"VIRGINIA, SOUTHERN, NOTTOWAY",2022,ANNUAL,57.0,13.3,51135
CENSUS,ECONOMICS,IRRIGATION,FACILITIES & EQUIPMENT,"IRRIGATION, SYSTEMS & EQUIPMENT",ALL PRODUCTION PRACTICES,ALL UTILIZATION PRACTICES,AREA,ACRES,"FACILITIES & EQUIPMENT, IRRIGATION, SYSTEMS & EQUIPMENT - ACRES",TOTAL,NOT SPECIFIED,COUNTY,51,51,VA,VIRGINIA,80,SOUTHERN,141,141,PATRICK,"VIRGINIA, SOUTHERN, PATRICK",2022,ANNUAL,109.0,13.3,51141
CENSUS,ECONOMICS,IRRIGATION,FACILITIES & EQUIPMENT,"IRRIGATION, SYSTEMS & EQUIPMENT",ALL PRODUCTION PRACTICES,ALL UTILIZATION PRACTICES,AREA,ACRES,"FACILITIES & EQUIPMENT, IRRIGATION, SYSTEMS & EQUIPMENT - ACRES",TOTAL,NOT SPECIFIED,COUNTY,51,51,VA,VIRGINIA,80,SOUTHERN,143,143,PITTSYLVANIA,"VIRGINIA, SOUTHERN, PITTSYLVANIA",2022,ANNUAL,2743.0,13.3,51143
CENSUS,ECONOMICS,IRRIGATION,FACILITIES & EQUIPMENT,"IRRIGATION, SYSTEMS & EQUIPMENT",ALL PRODUCTION PRACTICES,ALL UTILIZATION PRACTICES,AREA,ACRES,"FACILITIES & EQUIPMENT, IRRIGATION, SYSTEMS & EQUIPMENT - ACRES",TOTAL,NOT SPECIFIED,COUNTY,51,51,VA,VIRGINIA,90,SOUTHEASTERN,25,025,BRUNSWICK,"VIRGINIA, SOUTHEASTERN, BRUNSWICK",2022,ANNUAL,4459.0,13.3,51025
CENSUS,ECONOMICS,IRRIGATION,FACILITIES & EQUIPMENT,"IRRIGATION, SYSTEMS & EQUIPMENT",ALL PRODUCTION PRACTICES,ALL UTILIZATION PRACTICES,AREA,ACRES,"FACILITIES & EQUIPMENT, IRRIGATION, SYSTEMS & EQUIPMENT - ACRES",TOTAL,NOT SPECIFIED,COUNTY,51,51,VA,VIRGINIA,90,SOUTHEASTERN,53,053,DINWIDDIE,"VIRGINIA, SOUTHEASTERN, DINWIDDIE",2022,ANNUAL,1718.0,13.3,51053
CENSUS,ECONOMICS,IRRIGATION,FACILITIES & EQUIPMENT,"IRRIGATION, SYSTEMS & EQUIPMENT",ALL PRODUCTION PRACTICES,ALL UTILIZATION PRACTICES,AREA,ACRES,"FACILITIES & EQUIPMENT, IRRIGATION, SYSTEMS & EQUIPMENT - ACRES",TOTAL,NOT SPECIFIED,COUNTY,51,51,VA,VIRGINIA,90,SOUTHEASTERN,81,081,GREENSVILLE,"VIRGINIA, SOUTHEASTERN, GREENSVILLE",2022,ANNUAL,,(D),51081
CENSUS,ECONOMICS,IRRIGATION,FACILITIES & EQUIPMENT,"IRRIGATION, SYSTEMS & EQUIPMENT",ALL PRODUCTION PRACTICES,ALL UTILIZATION PRACTICES,AREA,ACRES,"FACILITIES & EQUIPMENT, IRRIGATION, SYSTEMS & EQUIPMENT - ACRES",TOTAL,NOT SPECIFIED,COUNTY,51,51,VA,VIRGINIA,90,SOUTHEASTERN,93,093,ISLE OF WIGHT,"VIRGINIA, SOUTHEASTERN, ISLE OF WIGHT",2022,ANNUAL,1241.0,13.3,51093
CENSUS,ECONOMICS,IRRIGATION,FACILITIES & EQUIPMENT,"IRRIGATION, SYSTEMS & EQUIPMENT",ALL PRODUCTION PRACTICES,ALL UTILIZATION PRACTICES,AREA,ACRES,"FACILITIES & EQUIPMENT, IRRIGATION, SYSTEMS & EQUIPMENT - ACRES",TOTAL,NOT SPECIFIED,COUNTY,51,51,VA,VIRGINIA,90,SOUTHEASTERN,117,117,MECKLENBURG,"VIRGINIA, SOUTHEASTERN, MECKLENBURG",2022,ANNUAL,4238.0,13.3,51117
CENSUS,ECONOMICS,IRRIGATION,FACILITIES & EQUIPMENT,"IRRIGATION, SYSTEMS & EQUIPMENT",ALL PRODUCTION PRACTICES,ALL UTILIZATION PRACTICES,AREA,ACRES,"FACILITIES & EQUIPMENT, IRRIGATION, SYSTEMS & EQUIPMENT - ACRES",TOTAL,NOT SPECIFIED,COUNTY,51,51,VA,VIRGINIA,90,SOUTHEASTERN,149,149,PRINCE GEORGE,"VIRGINIA, SOUTHEASTERN, PRINCE GEORGE",2022,ANNUAL,442.0,13.3,51149
CENSUS,ECONOMICS,IRRIGATION,FACILITIES & EQUIPMENT,"IRRIGATION, SYSTEMS & EQUIPMENT",ALL PRODUCTION PRACTICES,ALL UTILIZATION PRACTICES,AREA,ACRES,"FACILITIES & EQUIPMENT, IRRIGATION, SYSTEMS & EQUIPMENT - ACRES",TOTAL,NOT SPECIFIED,COUNTY,51,51,VA,VIRGINIA,90,SOUTHEASTERN,175,175,SOUTHAMPTON,"VIRGINIA, SOUTHEASTERN, SOUTHAMPTON",2022,ANNUAL,1598.0,13.3,51175
CENSUS,ECONOMICS,IRRIGATION,FACILITIES & EQUIPMENT,"IRRIGATION, SYSTEMS & EQUIPMENT",ALL PRODUCTION PRACTICES,ALL UTILIZATION PRACTICES,AREA,ACRES,"FACILITIES & EQUIPMENT, IRRIGATION, SYSTEMS & EQUIPMENT - ACRES",TOTAL,NOT SPECIFIED,COUNTY,51,51,VA,VIRGINIA,90,SOUTHEASTERN,181,181,SURRY,"VIRGINIA, SOUTHEASTERN, SURRY",2022,ANNUAL,1970.0,13.3,51181
CENSUS,ECONOMICS,IRRIGATION,FACILITIES & EQUIPMENT,"IRRIGATION, SYSTEMS & EQUIPMENT",ALL PRODUCTION PRACTICES,ALL UTILIZATION PRACTICES,AREA,ACRES,"FACILITIES & EQUIPMENT, IRRIGATION, SYSTEMS & EQUIPMENT - ACRES",TOTAL,NOT SPECIFIED,COUNTY,51,51,VA,VIRGINIA,90,SOUTHEASTERN,183,183,SUSSEX,"VIRGINIA, SOUTHEASTERN, SUSSEX",2022,ANNUAL,511.0,13.3,51183
CENSUS,ECONOMICS,IRRIGATION,FACILITIES & EQUIPMENT,"IRRIGATION, SYSTEMS & EQUIPMENT",ALL PRODUCTION PRACTICES,ALL UTILIZATION PRACTICES,AREA,ACRES,"FACILITIES & EQUIPMENT, IRRIGATION, SYSTEMS & EQUIPMENT - ACRES",TOTAL,NOT SPECIFIED,COUNTY,51,51,VA,VIRGINIA,90,SOUTHEASTERN,550,550,CHESAPEAKE CITY,"VIRGINIA, SOUTHEASTERN, CHESAPEAKE CITY",2022,ANNUAL,,(D),51550
CENSUS,ECONOMICS,IRRIGATION,FACILITIES & EQUIPMENT,"IRRIGATION, SYSTEMS & EQUIPMENT",ALL PRODUCTION PRACTICES,ALL UTILIZATION PRACTICES,AREA,ACRES,"FACILITIES & EQUIPMENT, IRRIGATION, SYSTEMS & EQUIPMENT - ACRES",TOTAL,NOT SPECIFIED,COUNTY,51,51,VA,VIRGINIA,90,SOUTHEASTERN,800,800,SUFFOLK CITY,"VIRGINIA, SOUTHEASTERN, SUFFOLK CITY",2022,ANNUAL,567.0,13.3,51800
CENSUS,ECONOMICS,IRRIGATION,FACILITIES & EQUIPMENT,"IRRIGATION, SYSTEMS & EQUIPMENT",ALL PRODUCTION PRACTICES,ALL UTILIZATION PRACTICES,AREA,ACRES,"FACILITIES & EQUIPMENT, IRRIGATION, SYSTEMS & EQUIPMENT - ACRES",TOTAL,NOT SPECIFIED,COUNTY,51,51,VA,VIRGINIA,90,SOUTHEASTERN,810,810,VIRGINIA BEACH CITY,"VIRGINIA, SOUTHEASTERN, VIRGINIA BEACH CITY",2022,ANNUAL,376.0,13.3,51810
CENSUS,ECONOMICS,IRRIGATION,FACILITIES & EQUIPMENT,"IRRIGATION, SYSTEMS & EQUIPMENT",ALL PRODUCTION PRACTICES,ALL UTILIZATION PRACTICES,AREA,OPERATIONS,"FACILITIES & EQUIPMENT, IRRIGATION, SYSTEMS & EQUIPMENT - NUMBER OF OPERATIONS",TOTAL,NOT SPECIFIED,COUNTY,51,51,VA,VIRGINIA,20,NORTHERN,43,043,CLARKE,"VIRGINIA, NORTHERN, CLARKE",2022,ANNUAL,9.0,28.5,51043
CENSUS,ECONOMICS,IRRIGATION,FACILITIES & EQUIPMENT,"IRRIGATION, SYSTEMS & EQUIPMENT",ALL PRODUCTION PRACTICES,ALL UTILIZATION PRACTICES,AREA,OPERATIONS,"FACILITIES & EQUIPMENT, IRRIGATION, SYSTEMS & EQUIPMENT - NUMBER OF OPERATIONS",TOTAL,NOT SPECIFIED,COUNTY,51,51,VA,VIRGINIA,20,NORTHERN,47,047,CULPEPER,"VIRGINIA, NORTHERN, CULPEPER",2022,ANNUAL,50.0,28.5,51047
CENSUS,ECONOMICS,IRRIGATION,FACILITIES & EQUIPMENT,"IRRIGATION, SYSTEMS & EQUIPMENT",ALL PRODUCTION PRACTICES,ALL UTILIZATION PRACTICES,AREA,OPERATIONS,"FACILITIES & EQUIPMENT, IRRIGATION, SYSTEMS & EQUIPMENT - NUMBER OF OPERATIONS",TOTAL,NOT SPECIFIED,COUNTY,51,51,VA,VIRGINIA,20,NORTHERN,59,059,FAIRFAX,"VIRGINIA, NORTHERN, FAIRFAX",2022,ANNUAL,22.0,28.5,51059
CENSUS,ECONOMICS,IRRIGATION,FACILITIES & EQUIPMENT,"IRRIGATION, SYSTEMS & EQUIPMENT",ALL PRODUCTION PRACTICES,ALL UTILIZATION PRACTICES,AREA,OPERATIONS,"FACILITIES & EQUIPMENT, IRRIGATION, SYSTEMS & EQUIPMENT - NUMBER OF OPERATIONS",TOTAL,NOT SPECIFIED,COUNTY,51,51,VA,VIRGINIA,20,NORTHERN,61,061,FAUQUIER,"VIRGINIA, NORTHERN, FAUQUIER",2022,ANNUAL,96.0,28.5,51061
CENSUS,ECONOMICS,IRRIGATION,FACILITIES & EQUIPMENT,"IRRIGATION, SYSTEMS & EQUIPMENT",ALL PRODUCTION PRACTICES,ALL UTILIZATION PRACTICES,AREA,OPERATIONS,"FACILITIES & EQUIPMENT, IRRIGATION, SYSTEMS & EQUIPMENT - NUMBER OF OPERATIONS",TOTAL,NOT SPECIFIED,COUNTY,51,51,VA,VIRGINIA,20,NORTHERN,69,069,FREDERICK,"VIRGINIA, NORTHERN, FREDERICK",2022,ANNUAL,30.0,28.5,51069
CENSUS,ECONOMICS,IRRIGATION,FACILITIES & EQUIPMENT,"IRRIGATION, SYSTEMS & EQUIPMENT",ALL PRODUCTION PRACTICES,ALL UTILIZATION PRACTICES,AREA,OPERATIONS,"FACILITIES & EQUIPMENT, IRRIGATION, SYSTEMS & EQUIPMENT - NUMBER OF OPERATIONS",TOTAL,NOT SPECIFIED,COUNTY,51,51,VA,VIRGINIA,20,NORTHERN,107,107,LOUDOUN,"VIRGINIA, NORTHERN, LOUDOUN",2022,ANNUAL,98.0,28.5,51107
CENSUS,ECONOMICS,IRRIGATION,FACILITIES & EQUIPMENT,"IRRIGATION, SYSTEMS & EQUIPMENT",ALL PRODUCTION PRACTICES,ALL UTILIZATION PRACTICES,AREA,OPERATIONS,"FACILITIES & EQUIPMENT, IRRIGATION, SYSTEMS & EQUIPMENT - NUMBER OF OPERATIONS",TOTAL,NOT SPECIFIED,COUNTY,51,51,VA,VIRGINIA,20,NORTHERN,113,113,MADISON,"VIRGINIA, NORTHERN, MADISON",2022,ANNUAL,29.0,28.5,51113
CENSUS,ECONOMICS,IRRIGATION,FACILITIES & EQUIPMENT,"IRRIGATION, SYSTEMS & EQUIPMENT",ALL PRODUCTION PRACTICES,ALL UTILIZATION PRACTICES,AREA,OPERATIONS,"FACILITIES & EQUIPMENT, IRRIGATION, SYSTEMS & EQUIPMENT - NUMBER OF OPERATIONS",TOTAL,NOT SPECIFIED,COUNTY,51,51,VA,VIRGINIA,20,NORTHERN,139,139,PAGE,"VIRGINIA, NORTHERN, PAGE",2022,ANNUAL,11.0,28.5,51139
CENSUS,ECONOMICS,IRRIGATION,FACILITIES & EQUIPMENT,"IRRIGATION, SYSTEMS & EQUIPMENT",ALL PRODUCTION PRACTICES,ALL UTILIZATION PRACTICES,AREA,OPERATIONS,"FACILITIES & EQUIPMENT, IRRIGATION, SYSTEMS & EQUIPMENT - NUMBER OF OPERATIONS",TOTAL,NOT SPECIFIED,COUNTY,51,51,VA,VIRGINIA,20,NORTHERN,153,153,PRINCE WILLIAM,"VIRGINIA, NORTHERN, PRINCE WILLIAM",2022,ANNUAL,45.0,28.5,51153
CENSUS,ECONOMICS,IRRIGATION,FACILITIES & EQUIPMENT,"IRRIGATION, SYSTEMS & EQUIPMENT",ALL PRODUCTION PRACTICES,ALL UTILIZATION PRACTICES,AREA,OPERATIONS,"FACILITIES & EQUIPMENT, IRRIGATION, SYSTEMS & EQUIPMENT - NUMBER OF OPERATIONS",TOTAL,NOT SPECIFIED,COUNTY,51,51,VA,VIRGINIA,20,NORTHERN,157,157,RAPPAHANNOCK,"VIRGINIA, NORTHERN, RAPPAHANNOCK",2022,ANNUAL,32.0,28.5,51157
CENSUS,ECONOMICS,IRRIGATION,FACILITIES & EQUIPMENT,"IRRIGATION, SYSTEMS & EQUIPMENT",ALL PRODUCTION PRACTICES,ALL UTILIZATION PRACTICES,AREA,OPERATIONS,"FACILITIES & EQUIPMENT, IRRIGATION, SYSTEMS & EQUIPMENT - NUMBER OF OPERATIONS",TOTAL,NOT SPECIFIED,COUNTY,51,51,VA,VIRGINIA,20,NORTHERN,165,165,ROCKINGHAM,"VIRGINIA, NORTHERN, ROCKINGHAM",2022,ANNUAL,151.0,28.5,51165
CENSUS,ECONOMICS,IRRIGATION,FACILITIES & EQUIPMENT,"IRRIGATION, SYSTEMS & EQUIPMENT",ALL PRODUCTION PRACTICES,ALL UTILIZATION PRACTICES,AREA,OPERATIONS,"FACILITIES & EQUIPMENT, IRRIGATION, SYSTEMS & EQUIPMENT - NUMBER OF OPERATIONS",TOTAL,NOT SPECIFIED,COUNTY,51,51,VA,VIRGINIA,20,NORTHERN,171,171,SHENANDOAH,"VIRGINIA, NORTHERN, SHENANDOAH",2022,ANNUAL,36.0,28.5,51171
CENSUS,ECONOMICS,IRRIGATION,FACILITIES & EQUIPMENT,"IRRIGATION, SYSTEMS & EQUIPMENT",ALL PRODUCTION PRACTICES,ALL UTILIZATION PRACTICES,AREA,OPERATIONS,"FACILITIES & EQUIPMENT, IRRIGATION, SYSTEMS & EQUIPMENT - NUMBER OF OPERATIONS",TOTAL,NOT SPECIFIED,COUNTY,51,51,VA,VIRGINIA,20,NORTHERN,179,179,STAFFORD,"VIRGINIA, NORTHERN, STAFFORD",2022,ANNUAL,13.0,28.5,51179
CENSUS,ECONOMICS,IRRIGATION,FACILITIES & EQUIPMENT,"IRRIGATION, SYSTEMS & EQUIPMENT",ALL PRODUCTION PRACTICES,ALL UTILIZATION PRACTICES,AREA,OPERATIONS,"FACILITIES & EQUIPMENT, IRRIGATION, SYSTEMS & EQUIPMENT - NUMBER OF OPERATIONS",TOTAL,NOT SPECIFIED,COUNTY,51,51,VA,VIRGINIA,20,NORTHERN,187,187,WARREN,"VIRGINIA, NORTHERN, WARREN",2022,ANNUAL,22.0,28.5,51187
CENSUS,ECONOMICS,IRRIGATION,FACILITIES & EQUIPMENT,"IRRIGATION, SYSTEMS & EQUIPMENT",ALL PRODUCTION PRACTICES,ALL UTILIZATION PRACTICES,AREA,OPERATIONS,"FACILITIES & EQUIPMENT, IRRIGATION, SYSTEMS & EQUIPMENT - NUMBER OF OPERATIONS",TOTAL,NOT SPECIFIED,COUNTY,51,51,VA,VIRGINIA,40,WESTERN,5,005,ALLEGHANY,"VIRGINIA, WESTERN, ALLEGHANY",2022,ANNUAL,8.0,28.5,51005
CENSUS,ECONOMICS,IRRIGATION,FACILITIES & EQUIPMENT,"IRRIGATION, SYSTEMS & EQUIPMENT",ALL PRODUCTION PRACTICES,ALL UTILIZATION PRACTICES,AREA,OPERATIONS,"FACILITIES & EQUIPMENT, IRRIGATION, SYSTEMS & EQUIPMENT - NUMBER OF OPERATIONS",TOTAL,NOT SPECIFIED,COUNTY,51,51,VA,VIRGINIA,40,WESTERN,15,015,AUGUSTA,"VIRGINIA, WESTERN, AUGUSTA",2022,ANNUAL,84.0,28.5,51015
CENSUS,ECONOMICS,IRRIGATION,FACILITIES & EQUIPMENT,"IRRIGATION, SYSTEMS & EQUIPMENT",ALL PRODUCTION PRACTICES,ALL UTILIZATION PRACTICES,AREA,OPERATIONS,"FACILITIES & EQUIPMENT, IRRIGATION, SYSTEMS & EQUIPMENT - NUMBER OF OPERATIONS",TOTAL,NOT SPECIFIED,COUNTY,51,51,VA,VIRGINIA,40,WESTERN,17,017,BATH,"VIRGINIA, WESTERN, BATH",2022,ANNUAL,3.0,28.5,51017
CENSUS,ECONOMICS,IRRIGATION,FACILITIES & EQUIPMENT,"IRRIGATION, SYSTEMS & EQUIPMENT",ALL PRODUCTION PRACTICES,ALL UTILIZATION PRACTICES,AREA,OPERATIONS,"FACILITIES & EQUIPMENT, IRRIGATION, SYSTEMS & EQUIPMENT - NUMBER OF OPERATIONS",TOTAL,NOT SPECIFIED,COUNTY,51,51,VA,VIRGINIA,40,WESTERN,23,023,BOTETOURT,"VIRGINIA, WESTERN, BOTETOURT",2022,ANNUAL,5.0,28.5,51023
CENSUS,ECONOMICS,IRRIGATION,FACILITIES & EQUIPMENT,"IRRIGATION, SYSTEMS & EQUIPMENT",ALL PRODUCTION PRACTICES,ALL UTILIZATION PRACTICES,AREA,OPERATIONS,"FACILITIES & EQUIPMENT, IRRIGATION, SYSTEMS & EQUIPMENT - NUMBER OF OPERATIONS",TOTAL,NOT SPECIFIED,COUNTY,51,51,VA,VIRGINIA,40,WESTERN,45,045,CRAIG,"VIRGINIA, WESTERN, CRAIG",2022,ANNUAL,3.0,28.5,51045
CENSUS,ECONOMICS,IRRIGATION,FACILITIES & EQUIPMENT,"IRRIGATION, SYSTEMS & EQUIPMENT",ALL PRODUCTION PRACTICES,ALL UTILIZATION PRACTICES,AREA,OPERATIONS,"FACILITIES & EQUIPMENT, IRRIGATION, SYSTEMS & EQUIPMENT - NUMBER OF OPERATIONS",TOTAL,NOT SPECIFIED,COUNTY,51,51,VA,VIRGINIA,40,WESTERN,91,091,HIGHLAND,"VIRGINIA, WESTERN, HIGHLAND",2022,ANNUAL,11.0,28.5,51091
CENSUS,ECONOMICS,IRRIGATION,FACILITIES & EQUIPMENT,"IRRIGATION, SYSTEMS & EQUIPMENT",ALL PRODUCTION PRACTICES,ALL UTILIZATION PRACTICES,AREA,OPERATIONS,"FACILITIES & EQUIPMENT, IRRIGATION, SYSTEMS & EQUIPMENT - NUMBER OF OPERATIONS",TOTAL,NOT SPECIFIED,COUNTY,51,51,VA,VIRGINIA,40,WESTERN,161,161,ROANOKE,"VIRGINIA, WESTERN, ROANOKE",2022,ANNUAL,11.0,28.5,51161
CENSUS,ECONOMICS,IRRIGATION,FACILITIES & EQUIPMENT,"IRRIGATION, SYSTEMS & EQUIPMENT",ALL PRODUCTION PRACTICES,ALL UTILIZATION PRACTICES,AREA,OPERATIONS,"FACILITIES & EQUIPMENT, IRRIGATION, SYSTEMS & EQUIPMENT - NUMBER OF OPERATIONS",TOTAL,NOT SPECIFIED,COUNTY,51,51,VA,VIRGINIA,40,WESTERN,163,163,ROCKBRIDGE,"VIRGINIA, WESTERN, ROCKBRIDGE",2022,ANNUAL,24.0,28.5,51163
CENSUS,ECONOMICS,IRRIGATION,FACILITIES & EQUIPMENT,"IRRIGATION, SYSTEMS & EQUIPMENT",ALL PRODUCTION PRACTICES,ALL UTILIZATION PRACTICES,AREA,OPERATIONS,"FACILITIES & EQUIPMENT, IRRIGATION, SYSTEMS & EQUIPMENT - NUMBER OF OPERATIONS",TOTAL,NOT SPECIFIED,COUNTY,51,51,VA,VIRGINIA,50,CENTRAL,3,003,ALBEMARLE,"VIRGINIA, CENTRAL, ALBEMARLE",2022,ANNUAL,110.0,28.5,51003
CENSUS,ECONOMICS,IRRIGATION,FACILITIES & EQUIPMENT,"IRRIGATION, SYSTEMS & EQUIPMENT",ALL PRODUCTION PRACTICES,ALL UTILIZATION PRACTICES,AREA,OPERATIONS,"FACILITIES & EQUIPMENT, IRRIGATION, SYSTEMS & EQUIPMENT - NUMBER OF OPERATIONS",TOTAL,NOT SPECIFIED,COUNTY,51,51,VA,VIRGINIA,50,CENTRAL,7,007,AMELIA,"VIRGINIA, CENTRAL, AMELIA",2022,ANNUAL,20.0,28.5,51007
CENSUS,ECONOMICS,IRRIGATION,FACILITIES & EQUIPMENT,"IRRIGATION, SYSTEMS & EQUIPMENT",ALL PRODUCTION PRACTICES,ALL UTILIZATION PRACTICES,AREA,OPERATIONS,"FACILITIES & EQUIPMENT, IRRIGATION, SYSTEMS & EQUIPMENT - NUMBER OF OPERATIONS",TOTAL,NOT SPECIFIED,COUNTY,51,51,VA,VIRGINIA,50,CENTRAL,9,009,AMHERST,"VIRGINIA, CENTRAL, AMHERST",2022,ANNUAL,20.0,28.5,51009
CENSUS,ECONOMICS,IRRIGATION,FACILITIES & EQUIPMENT,"IRRIGATION, SYSTEMS & EQUIPMENT",ALL PRODUCTION PRACTICES,ALL UTILIZATION PRACTICES,AREA,OPERATIONS,"FACILITIES & EQUIPMENT, IRRIGATION, SYSTEMS & EQUIPMENT - NUMBER OF OPERATIONS",TOTAL,NOT SPECIFIED,COUNTY,51,51,VA,VIRGINIA,50,CENTRAL,11,011,APPOMATTOX,"VIRGINIA, CENTRAL, APPOMATTOX",2022,ANNUAL,28.0,28.5,51011
CENSUS,ECONOMICS,IRRIGATION,FACILITIES & EQUIPMENT,"IRRIGATION, SYSTEMS & EQUIPMENT",ALL PRODUCTION PRACTICES,ALL UTILIZATION PRACTICES,AREA,OPERATIONS,"FACILITIES & EQUIPMENT, IRRIGATION, SYSTEMS & EQUIPMENT - NUMBER OF OPERATIONS",TOTAL,NOT SPECIFIED,COUNTY,51,51,VA,VIRGINIA,50,CENTRAL,19,019,BEDFORD,"VIRGINIA, CENTRAL, BEDFORD",2022,ANNUAL,46.0,28.5,51019
CENSUS,ECONOMICS,IRRIGATION,FACILITIES & EQUIPMENT,"IRRIGATION, SYSTEMS & EQUIPMENT",ALL PRODUCTION PRACTICES,ALL UTILIZATION PRACTICES,AREA,OPERATIONS,"FACILITIES & EQUIPMENT, IRRIGATION, SYSTEMS & EQUIPMENT - NUMBER OF OPERATIONS",TOTAL,NOT SPECIFIED,COUNTY,51,51,VA,VIRGINIA,50,CENTRAL,29,029,BUCKINGHAM,"VIRGINIA, CENTRAL, BUCKINGHAM",2022,ANNUAL,26.0,28.5,51029
CENSUS,ECONOMICS,IRRIGATION,FACILITIES & EQUIPMENT,"IRRIGATION, SYSTEMS & EQUIPMENT",ALL PRODUCTION PRACTICES,ALL UTILIZATION PRACTICES,AREA,OPERATIONS,"FACILITIES & EQUIPMENT, IRRIGATION, SYSTEMS & EQUIPMENT - NUMBER OF OPERATIONS",TOTAL,NOT SPECIFIED,COUNTY,51,51,VA,VIRGINIA,50,CENTRAL,31,031,CAMPBELL,"VIRGINIA, CENTRAL, CAMPBELL",2022,ANNUAL,29.0,28.5,51031
CENSUS,ECONOMICS,IRRIGATION,FACILITIES & EQUIPMENT,"IRRIGATION, SYSTEMS & EQUIPMENT",ALL PRODUCTION PRACTICES,ALL UTILIZATION PRACTICES,AREA,OPERATIONS,"FACILITIES & EQUIPMENT, IRRIGATION, SYSTEMS & EQUIPMENT - NUMBER OF OPERATIONS",TOTAL,NOT SPECIFIED,COUNTY,51,51,VA,VIRGINIA,50,CENTRAL,33,033,CAROLINE,"VIRGINIA, CENTRAL, CAROLINE",2022,ANNUAL,33.0,28.5,51033
CENSUS,ECONOMICS,IRRIGATION,FACILITIES & EQUIPMENT,"IRRIGATION, SYSTEMS & EQUIPMENT",ALL PRODUCTION PRACTICES,ALL UTILIZATION PRACTICES,AREA,OPERATIONS,"FACILITIES & EQUIPMENT, IRRIGATION, SYSTEMS & EQUIPMENT - NUMBER OF OPERATIONS",TOTAL,NOT SPECIFIED,COUNTY,51,51,VA,VIRGINIA,50,CENTRAL,41,041,CHESTERFIELD,"VIRGINIA, CENTRAL, CHESTERFIELD",2022,ANNUAL,30.0,28.5,51041
CENSUS,ECONOMICS,IRRIGATION,FACILITIES & EQUIPMENT,"IRRIGATION, SYSTEMS & EQUIPMENT",ALL PRODUCTION PRACTICES,ALL UTILIZATION PRACTICES,AREA,OPERATIONS,"FACILITIES & EQUIPMENT, IRRIGATION, SYSTEMS & EQUIPMENT - NUMBER OF OPERATIONS",TOTAL,NOT SPECIFIED,COUNTY,51,51,VA,VIRGINIA,50,CENTRAL,49,049,CUMBERLAND,"VIRGINIA, CENTRAL, CUMBERLAND",2022,ANNUAL,6.0,28.5,51049
CENSUS,ECONOMICS,IRRIGATION,FACILITIES & EQUIPMENT,"IRRIGATION, SYSTEMS & EQUIPMENT",ALL PRODUCTION PRACTICES,ALL UTILIZATION PRACTICES,AREA,OPERATIONS,"FACILITIES & EQUIPMENT, IRRIGATION, SYSTEMS & EQUIPMENT - NUMBER OF OPERATIONS",TOTAL,NOT SPECIFIED,COUNTY,51,51,VA,VIRGINIA,50,CENTRAL,65,065,FLUVANNA,"VIRGINIA, CENTRAL, FLUVANNA",2022,ANNUAL,45.0,28.5,51065
CENSUS,ECONOMICS,IRRIGATION,FACILITIES & EQUIPMENT,"IRRIGATION, SYSTEMS & EQUIPMENT",ALL PRODUCTION PRACTICES,ALL UTILIZATION PRACTICES,AREA,OPERATIONS,"FACILITIES & EQUIPMENT, IRRIGATION, SYSTEMS & EQUIPMENT - NUMBER OF OPERATIONS",TOTAL,NOT SPECIFIED,COUNTY,51,51,VA,VIRGINIA,50,CENTRAL,75,075,GOOCHLAND,"VIRGINIA, CENTRAL, GOOCHLAND",2022,ANNUAL,7.0,28.5,51075
CENSUS,ECONOMICS,IRRIGATION,FACILITIES & EQUIPMENT,"IRRIGATION, SYSTEMS & EQUIPMENT",ALL PRODUCTION PRACTICES,ALL UTILIZATION PRACTICES,AREA,OPERATIONS,"FACILITIES & EQUIPMENT, IRRIGATION, SYSTEMS & EQUIPMENT - NUMBER OF OPERATIONS",TOTAL,NOT SPECIFIED,COUNTY,51,51,VA,VIRGINIA,50,CENTRAL,79,079,GREENE,"VIRGINIA, CENTRAL, GREENE",2022,ANNUAL,12.0,28.5,51079
CENSUS,ECONOMICS,IRRIGATION,FACILITIES & EQUIPMENT,"IRRIGATION, SYSTEMS & EQUIPMENT",ALL PRODUCTION PRACTICES,ALL UTILIZATION PRACTICES,AREA,OPERATIONS,"FACILITIES & EQUIPMENT, IRRIGATION, SYSTEMS & EQUIPMENT - NUMBER OF OPERATIONS",TOTAL,NOT SPECIFIED,COUNTY,51,51,VA,VIRGINIA,50,CENTRAL,85,085,HANOVER,"VIRGINIA, CENTRAL, HANOVER",2022,ANNUAL,61.0,28.5,51085
CENSUS,ECONOMICS,IRRIGATION,FACILITIES & EQUIPMENT,"IRRIGATION, SYSTEMS & EQUIPMENT",ALL PRODUCTION PRACTICES,ALL UTILIZATION PRACTICES,AREA,OPERATIONS,"FACILITIES & EQUIPMENT, IRRIGATION, SYSTEMS & EQUIPMENT - NUMBER OF OPERATIONS",TOTAL,NOT SPECIFIED,COUNTY,51,51,VA,VIRGINIA,50,CENTRAL,87,087,HENRICO,"VIRGINIA, CENTRAL, HENRICO",2022,ANNUAL,11.0,28.5,51087
CENSUS,ECONOMICS,IRRIGATION,FACILITIES & EQUIPMENT,"IRRIGATION, SYSTEMS & EQUIPMENT",ALL PRODUCTION PRACTICES,ALL UTILIZATION PRACTICES,AREA,OPERATIONS,"FACILITIES & EQUIPMENT, IRRIGATION, SYSTEMS & EQUIPMENT - NUMBER OF OPERATIONS",TOTAL,NOT SPECIFIED,COUNTY,51,51,VA,VIRGINIA,50,CENTRAL,109,109,LOUISA,"VIRGINIA, CENTRAL, LOUISA",2022,ANNUAL,40.0,28.5,51109
CENSUS,ECONOMICS,IRRIGATION,FACILITIES & EQUIPMENT,"IRRIGATION, SYSTEMS & EQUIPMENT",ALL PRODUCTION PRACTICES,ALL UTILIZATION PRACTICES,AREA,OPERATIONS,"FACILITIES & EQUIPMENT, IRRIGATION, SYSTEMS & EQUIPMENT - NUMBER OF OPERATIONS",TOTAL,NOT SPECIFIED,COUNTY,51,51,VA,VIRGINIA,50,CENTRAL,125,125,NELSON,"VIRGINIA, CENTRAL, NELSON",2022,ANNUAL,49.0,28.5,51125
CENSUS,ECONOMICS,IRRIGATION,FACILITIES & EQUIPMENT,"IRRIGATION, SYSTEMS & EQUIPMENT",ALL PRODUCTION PRACTICES,ALL UTILIZATION PRACTICES,AREA,OPERATIONS,"FACILITIES & EQUIPMENT, IRRIGATION, SYSTEMS & EQUIPMENT - NUMBER OF OPERATIONS",TOTAL,NOT SPECIFIED,COUNTY,51,51,VA,VIRGINIA,50,CENTRAL,137,137,ORANGE,"VIRGINIA, CENTRAL, ORANGE",2022,ANNUAL,25.0,28.5,51137
CENSUS,ECONOMICS,IRRIGATION,FACILITIES & EQUIPMENT,"IRRIGATION, SYSTEMS & EQUIPMENT",ALL PRODUCTION PRACTICES,ALL UTILIZATION PRACTICES,AREA,OPERATIONS,"FACILITIES & EQUIPMENT, IRRIGATION, SYSTEMS & EQUIPMENT - NUMBER OF OPERATIONS",TOTAL,NOT SPECIFIED,COUNTY,51,51,VA,VIRGINIA,50,CENTRAL,145,145,POWHATAN,"VIRGINIA, CENTRAL, POWHATAN",2022,ANNUAL,16.0,28.5,51145
CENSUS,ECONOMICS,IRRIGATION,FACILITIES & EQUIPMENT,"IRRIGATION, SYSTEMS & EQUIPMENT",ALL PRODUCTION PRACTICES,ALL UTILIZATION PRACTICES,AREA,OPERATIONS,"FACILITIES & EQUIPMENT, IRRIGATION, SYSTEMS & EQUIPMENT - NUMBER OF OPERATIONS",TOTAL,NOT SPECIFIED,COUNTY,51,51,VA,VIRGINIA,50,CENTRAL,147,147,PRINCE EDWARD,"VIRGINIA, CENTRAL, PRINCE EDWARD",2022,ANNUAL,18.0,28.5,51147
CENSUS,ECONOMICS,IRRIGATION,FACILITIES & EQUIPMENT,"IRRIGATION, SYSTEMS & EQUIPMENT",ALL PRODUCTION PRACTICES,ALL UTILIZATION PRACTICES,AREA,OPERATIONS,"FACILITIES & EQUIPMENT, IRRIGATION, SYSTEMS & EQUIPMENT - NUMBER OF OPERATIONS",TOTAL,NOT SPECIFIED,COUNTY,51,51,VA,VIRGINIA,50,CENTRAL,177,177,SPOTSYLVANIA,"VIRGINIA, CENTRAL, SPOTSYLVANIA",2022,ANNUAL,36.0,28.5,51177
CENSUS,ECONOMICS,IRRIGATION,FACILITIES & EQUIPMENT,"IRRIGATION, SYSTEMS & EQUIPMENT",ALL PRODUCTION PRACTICES,ALL UTILIZATION PRACTICES,AREA,OPERATIONS,"FACILITIES & EQUIPMENT, IRRIGATION, SYSTEMS & EQUIPMENT - NUMBER OF OPERATIONS",TOTAL,NOT SPECIFIED,COUNTY,51,51,VA,VIRGINIA,60,EASTERN,1,001,ACCOMACK,"VIRGINIA, EASTERN, ACCOMACK",2022,ANNUAL,33.0,28.5,51001
CENSUS,ECONOMICS,IRRIGATION,FACILITIES & EQUIPMENT,"IRRIGATION, SYSTEMS & EQUIPMENT",ALL PRODUCTION PRACTICES,ALL UTILIZATION PRACTICES,AREA,OPERATIONS,"FACILITIES & EQUIPMENT, IRRIGATION, SYSTEMS & EQUIPMENT - NUMBER OF OPERATIONS",TOTAL,NOT SPECIFIED,COUNTY,51,51,VA,VIRGINIA,60,EASTERN,36,036,CHARLES CITY,"VIRGINIA, EASTERN, CHARLES CITY",2022,ANNUAL,22.0,28.5,51036
CENSUS,ECONOMICS,IRRIGATION,FACILITIES & EQUIPMENT,"IRRIGATION, SYSTEMS & EQUIPMENT",ALL PRODUCTION PRACTICES,ALL UTILIZATION PRACTICES,AREA,OPERATIONS,"FACILITIES & EQUIPMENT, IRRIGATION, SYSTEMS & EQUIPMENT - NUMBER OF OPERATIONS",TOTAL,NOT SPECIFIED,COUNTY,51,51,VA,VIRGINIA,60,EASTERN,57,057,ESSEX,"VIRGINIA, EASTERN, ESSEX",2022,ANNUAL,9.0,28.5,51057
CENSUS,ECONOMICS,IRRIGATION,FACILITIES & EQUIPMENT,"IRRIGATION, SYSTEMS & EQUIPMENT",ALL PRODUCTION PRACTICES,ALL UTILIZATION PRACTICES,AREA,OPERATIONS,"FACILITIES & EQUIPMENT, IRRIGATION, SYSTEMS & EQUIPMENT - NUMBER OF OPERATIONS",TOTAL,NOT SPECIFIED,COUNTY,51,51,VA,VIRGINIA,60,EASTERN,73,073,GLOUCESTER,"VIRGINIA, EASTERN, GLOUCESTER",2022,ANNUAL,21.0,28.5,51073
CENSUS,ECONOMICS,IRRIGATION,FACILITIES & EQUIPMENT,"IRRIGATION, SYSTEMS & EQUIPMENT",ALL PRODUCTION PRACTICES,ALL UTILIZATION PRACTICES,AREA,OPERATIONS,"FACILITIES & EQUIPMENT, IRRIGATION, SYSTEMS & EQUIPMENT - NUMBER OF OPERATIONS",TOTAL,NOT SPECIFIED,COUNTY,51,51,VA,VIRGINIA,60,EASTERN,95,095,JAMES CITY,"VIRGINIA, EASTERN, JAMES CITY",2022,ANNUAL,19.0,28.5,51095
CENSUS,ECONOMICS,IRRIGATION,FACILITIES & EQUIPMENT,"IRRIGATION, SYSTEMS & EQUIPMENT",ALL PRODUCTION PRACTICES,ALL UTILIZATION PRACTICES,AREA,OPERATIONS,"FACILITIES & EQUIPMENT, IRRIGATION, SYSTEMS & EQUIPMENT - NUMBER OF OPERATIONS",TOTAL,NOT SPECIFIED,COUNTY,51,51,VA,VIRGINIA,60,EASTERN,97,097,KING AND QUEEN,"VIRGINIA, EASTERN, KING AND QUEEN",2022,ANNUAL,14.0,28.5,51097
CENSUS,ECONOMICS,IRRIGATION,FACILITIES & EQUIPMENT,"IRRIGATION, SYSTEMS & EQUIPMENT",ALL PRODUCTION PRACTICES,ALL UTILIZATION PRACTICES,AREA,OPERATIONS,"FACILITIES & EQUIPMENT, IRRIGATION, SYSTEMS & EQUIPMENT - NUMBER OF OPERATIONS",TOTAL,NOT SPECIFIED,COUNTY,51,51,VA,VIRGINIA,60,EASTERN,99,099,KING GEORGE,"VIRGINIA, EASTERN, KING GEORGE",2022,ANNUAL,3.0,28.5,51099
CENSUS,ECONOMICS,IRRIGATION,FACILITIES & EQUIPMENT,"IRRIGATION, SYSTEMS & EQUIPMENT",ALL PRODUCTION PRACTICES,ALL UTILIZATION PRACTICES,AREA,OPERATIONS,"FACILITIES & EQUIPMENT, IRRIGATION, SYSTEMS & EQUIPMENT - NUMBER OF OPERATIONS",TOTAL,NOT SPECIFIED,COUNTY,51,51,VA,VIRGINIA,60,EASTERN,101,101,KING WILLIAM,"VIRGINIA, EASTERN, KING WILLIAM",2022,ANNUAL,17.0,28.5,51101
CENSUS,ECONOMICS,IRRIGATION,FACILITIES & EQUIPMENT,"IRRIGATION, SYSTEMS & EQUIPMENT",ALL PRODUCTION PRACTICES,ALL UTILIZATION PRACTICES,AREA,OPERATIONS,"FACILITIES & EQUIPMENT, IRRIGATION, SYSTEMS & EQUIPMENT - NUMBER OF OPERATIONS",TOTAL,NOT SPECIFIED,COUNTY,51,51,VA,VIRGINIA,60,EASTERN,103,103,LANCASTER,"VIRGINIA, EASTERN, LANCASTER",2022,ANNUAL,3.0,28.5,51103
CENSUS,ECONOMICS,IRRIGATION,FACILITIES & EQUIPMENT,"IRRIGATION, SYSTEMS & EQUIPMENT",ALL PRODUCTION PRACTICES,ALL UTILIZATION PRACTICES,AREA,OPERATIONS,"FACILITIES & EQUIPMENT, IRRIGATION, SYSTEMS & EQUIPMENT - NUMBER OF OPERATIONS",TOTAL,NOT SPECIFIED,COUNTY,51,51,VA,VIRGINIA,60,EASTERN,115,115,MATHEWS,"VIRGINIA, EASTERN, MATHEWS",2022,ANNUAL,1.0,(L),51115
CENSUS,ECONOMICS,IRRIGATION,FACILITIES & EQUIPMENT,"IRRIGATION, SYSTEMS & EQUIPMENT",ALL PRODUCTION PRACTICES,ALL UTILIZATION PRACTICES,AREA,OPERATIONS,"FACILITIES & EQUIPMENT, IRRIGATION, SYSTEMS & EQUIPMENT - NUMBER OF OPERATIONS",TOTAL,NOT SPECIFIED,COUNTY,51,51,VA,VIRGINIA,60,EASTERN,119,119,MIDDLESEX,"VIRGINIA, EASTERN, MIDDLESEX",2022,ANNUAL,4.0,(L),51119
CENSUS,ECONOMICS,IRRIGATION,FACILITIES & EQUIPMENT,"IRRIGATION, SYSTEMS & EQUIPMENT",ALL PRODUCTION PRACTICES,ALL UTILIZATION PRACTICES,AREA,OPERATIONS,"FACILITIES & EQUIPMENT, IRRIGATION, SYSTEMS & EQUIPMENT - NUMBER OF OPERATIONS",TOTAL,NOT SPECIFIED,COUNTY,51,51,VA,VIRGINIA,60,EASTERN,127,127,NEW KENT,"VIRGINIA, EASTERN, NEW KENT",2022,ANNUAL,24.0,28.5,51127
CENSUS,ECONOMICS,IRRIGATION,FACILITIES & EQUIPMENT,"IRRIGATION, SYSTEMS & EQUIPMENT",ALL PRODUCTION PRACTICES,ALL UTILIZATION PRACTICES,AREA,OPERATIONS,"FACILITIES & EQUIPMENT, IRRIGATION, SYSTEMS & EQUIPMENT - NUMBER OF OPERATIONS",TOTAL,NOT SPECIFIED,COUNTY,51,51,VA,VIRGINIA,60,EASTERN,131,131,NORTHAMPTON,"VIRGINIA, EASTERN, NORTHAMPTON",2022,ANNUAL,44.0,28.5,51131
CENSUS,ECONOMICS,IRRIGATION,FACILITIES & EQUIPMENT,"IRRIGATION, SYSTEMS & EQUIPMENT",ALL PRODUCTION PRACTICES,ALL UTILIZATION PRACTICES,AREA,OPERATIONS,"FACILITIES & EQUIPMENT, IRRIGATION, SYSTEMS & EQUIPMENT - NUMBER OF OPERATIONS",TOTAL,NOT SPECIFIED,COUNTY,51,51,VA,VIRGINIA,60,EASTERN,133,133,NORTHUMBERLAND,"VIRGINIA, EASTERN, NORTHUMBERLAND",2022,ANNUAL,18.0,28.5,51133
CENSUS,ECONOMICS,IRRIGATION,FACILITIES & EQUIPMENT,"IRRIGATION, SYSTEMS & EQUIPMENT",ALL PRODUCTION PRACTICES,ALL UTILIZATION PRACTICES,AREA,OPERATIONS,"FACILITIES & EQUIPMENT, IRRIGATION, SYSTEMS & EQUIPMENT - NUMBER OF OPERATIONS",TOTAL,NOT SPECIFIED,COUNTY,51,51,VA,VIRGINIA,60,EASTERN,159,159,RICHMOND,"VIRGINIA, EASTERN, RICHMOND",2022,ANNUAL,11.0,28.5,51159
CENSUS,ECONOMICS,IRRIGATION,FACILITIES & EQUIPMENT,"IRRIGATION, SYSTEMS & EQUIPMENT",ALL PRODUCTION PRACTICES,ALL UTILIZATION PRACTICES,AREA,OPERATIONS,"FACILITIES & EQUIPMENT, IRRIGATION, SYSTEMS & EQUIPMENT - NUMBER OF OPERATIONS",TOTAL,NOT SPECIFIED,COUNTY,51,51,VA,VIRGINIA,60,EASTERN,193,193,WESTMORELAND,"VIRGINIA, EASTERN, WESTMORELAND",2022,ANNUAL,28.0,28.5,51193
CENSUS,ECONOMICS,IRRIGATION,FACILITIES & EQUIPMENT,"IRRIGATION, SYSTEMS & EQUIPMENT",ALL PRODUCTION PRACTICES,ALL UTILIZATION PRACTICES,AREA,OPERATIONS,"FACILITIES & EQUIPMENT, IRRIGATION, SYSTEMS & EQUIPMENT - NUMBER OF OPERATIONS",TOTAL,NOT SPECIFIED,COUNTY,51,51,VA,VIRGINIA,60,EASTERN,199,199,YORK,"VIRGINIA, EASTERN, YORK",2022,ANNUAL,11.0,28.5,51199
CENSUS,ECONOMICS,IRRIGATION,FACILITIES & EQUIPMENT,"IRRIGATION, SYSTEMS & EQUIPMENT",ALL PRODUCTION PRACTICES,ALL UTILIZATION PRACTICES,AREA,OPERATIONS,"FACILITIES & EQUIPMENT, IRRIGATION, SYSTEMS & EQUIPMENT - NUMBER OF OPERATIONS",TOTAL,NOT SPECIFIED,COUNTY,51,51,VA,VIRGINIA,70,SOUTHWESTERN,21,021,BLAND,"VIRGINIA, SOUTHWESTERN, BLAND",2022,ANNUAL,10.0,28.5,51021
CENSUS,ECONOMICS,IRRIGATION,FACILITIES & EQUIPMENT,"IRRIGATION, SYSTEMS & EQUIPMENT",ALL PRODUCTION PRACTICES,ALL UTILIZATION PRACTICES,AREA,OPERATIONS,"FACILITIES & EQUIPMENT, IRRIGATION, SYSTEMS & EQUIPMENT - NUMBER OF OPERATIONS",TOTAL,NOT SPECIFIED,COUNTY,51,51,VA,VIRGINIA,70,SOUTHWESTERN,27,027,BUCHANAN,"VIRGINIA, SOUTHWESTERN, BUCHANAN",2022,ANNUAL,1.0,28.5,51027
CENSUS,ECONOMICS,IRRIGATION,FACILITIES & EQUIPMENT,"IRRIGATION, SYSTEMS & EQUIPMENT",ALL PRODUCTION PRACTICES,ALL UTILIZATION PRACTICES,AREA,OPERATIONS,"FACILITIES & EQUIPMENT, IRRIGATION, SYSTEMS & EQUIPMENT - NUMBER OF OPERATIONS",TOTAL,NOT SPECIFIED,COUNTY,51,51,VA,VIRGINIA,70,SOUTHWESTERN,35,035,CARROLL,"VIRGINIA, SOUTHWESTERN, CARROLL",2022,ANNUAL,16.0,28.5,51035
CENSUS,ECONOMICS,IRRIGATION,FACILITIES & EQUIPMENT,"IRRIGATION, SYSTEMS & EQUIPMENT",ALL PRODUCTION PRACTICES,ALL UTILIZATION PRACTICES,AREA,OPERATIONS,"FACILITIES & EQUIPMENT, IRRIGATION, SYSTEMS & EQUIPMENT - NUMBER OF OPERATIONS",TOTAL,NOT SPECIFIED,COUNTY,51,51,VA,VIRGINIA,70,SOUTHWESTERN,51,051,DICKENSON,"VIRGINIA, SOUTHWESTERN, DICKENSON",2022,ANNUAL,3.0,(L),51051
CENSUS,ECONOMICS,IRRIGATION,FACILITIES & EQUIPMENT,"IRRIGATION, SYSTEMS & EQUIPMENT",ALL PRODUCTION PRACTICES,ALL UTILIZATION PRACTICES,AREA,OPERATIONS,"FACILITIES & EQUIPMENT, IRRIGATION, SYSTEMS & EQUIPMENT - NUMBER OF OPERATIONS",TOTAL,NOT SPECIFIED,COUNTY,51,51,VA,VIRGINIA,70,SOUTHWESTERN,63,063,FLOYD,"VIRGINIA, SOUTHWESTERN, FLOYD",2022,ANNUAL,43.0,28.5,51063
CENSUS,ECONOMICS,IRRIGATION,FACILITIES & EQUIPMENT,"IRRIGATION, SYSTEMS & EQUIPMENT",ALL PRODUCTION PRACTICES,ALL UTILIZATION PRACTICES,AREA,OPERATIONS,"FACILITIES & EQUIPMENT, IRRIGATION, SYSTEMS & EQUIPMENT - NUMBER OF OPERATIONS",TOTAL,NOT SPECIFIED,COUNTY,51,51,VA,VIRGINIA,70,SOUTHWESTERN,71,071,GILES,"VIRGINIA, SOUTHWESTERN, GILES",2022,ANNUAL,23.0,28.5,51071
CENSUS,ECONOMICS,IRRIGATION,FACILITIES & EQUIPMENT,"IRRIGATION, SYSTEMS & EQUIPMENT",ALL PRODUCTION PRACTICES,ALL UTILIZATION PRACTICES,AREA,OPERATIONS,"FACILITIES & EQUIPMENT, IRRIGATION, SYSTEMS & EQUIPMENT - NUMBER OF OPERATIONS",TOTAL,NOT SPECIFIED,COUNTY,51,51,VA,VIRGINIA,70,SOUTHWESTERN,77,077,GRAYSON,"VIRGINIA, SOUTHWESTERN, GRAYSON",2022,ANNUAL,16.0,28.5,51077
CENSUS,ECONOMICS,IRRIGATION,FACILITIES & EQUIPMENT,"IRRIGATION, SYSTEMS & EQUIPMENT",ALL PRODUCTION PRACTICES,ALL UTILIZATION PRACTICES,AREA,OPERATIONS,"FACILITIES & EQUIPMENT, IRRIGATION, SYSTEMS & EQUIPMENT - NUMBER OF OPERATIONS",TOTAL,NOT SPECIFIED,COUNTY,51,51,VA,VIRGINIA,70,SOUTHWESTERN,105,105,LEE,"VIRGINIA, SOUTHWESTERN, LEE",2022,ANNUAL,5.0,28.5,51105
CENSUS,ECONOMICS,IRRIGATION,FACILITIES & EQUIPMENT,"IRRIGATION, SYSTEMS & EQUIPMENT",ALL PRODUCTION PRACTICES,ALL UTILIZATION PRACTICES,AREA,OPERATIONS,"FACILITIES & EQUIPMENT, IRRIGATION, SYSTEMS & EQUIPMENT - NUMBER OF OPERATIONS",TOTAL,NOT SPECIFIED,COUNTY,51,51,VA,VIRGINIA,70,SOUTHWESTERN,121,121,MONTGOMERY,"VIRGINIA, SOUTHWESTERN, MONTGOMERY",2022,ANNUAL,22.0,28.5,51121
CENSUS,ECONOMICS,IRRIGATION,FACILITIES & EQUIPMENT,"IRRIGATION, SYSTEMS & EQUIPMENT",ALL PRODUCTION PRACTICES,ALL UTILIZATION PRACTICES,AREA,OPERATIONS,"FACILITIES & EQUIPMENT, IRRIGATION, SYSTEMS & EQUIPMENT - NUMBER OF OPERATIONS",TOTAL,NOT SPECIFIED,COUNTY,51,51,VA,VIRGINIA,70,SOUTHWESTERN,155,155,PULASKI,"VIRGINIA, SOUTHWESTERN, PULASKI",2022,ANNUAL,11.0,28.5,51155
CENSUS,ECONOMICS,IRRIGATION,FACILITIES & EQUIPMENT,"IRRIGATION, SYSTEMS & EQUIPMENT",ALL PRODUCTION PRACTICES,ALL UTILIZATION PRACTICES,AREA,OPERATIONS,"FACILITIES & EQUIPMENT, IRRIGATION, SYSTEMS & EQUIPMENT - NUMBER OF OPERATIONS",TOTAL,NOT SPECIFIED,COUNTY,51,51,VA,VIRGINIA,70,SOUTHWESTERN,167,167,RUSSELL,"VIRGINIA, SOUTHWESTERN, RUSSELL",2022,ANNUAL,16.0,28.5,51167
CENSUS,ECONOMICS,IRRIGATION,FACILITIES & EQUIPMENT,"IRRIGATION, SYSTEMS & EQUIPMENT",ALL PRODUCTION PRACTICES,ALL UTILIZATION PRACTICES,AREA,OPERATIONS,"FACILITIES & EQUIPMENT, IRRIGATION, SYSTEMS & EQUIPMENT - NUMBER OF OPERATIONS",TOTAL,NOT SPECIFIED,COUNTY,51,51,VA,VIRGINIA,70,SOUTHWESTERN,169,169,SCOTT,"VIRGINIA, SOUTHWESTERN, SCOTT",2022,ANNUAL,21.0,28.5,51169
CENSUS,ECONOMICS,IRRIGATION,FACILITIES & EQUIPMENT,"IRRIGATION, SYSTEMS & EQUIPMENT",ALL PRODUCTION PRACTICES,ALL UTILIZATION PRACTICES,AREA,OPERATIONS,"FACILITIES & EQUIPMENT, IRRIGATION, SYSTEMS & EQUIPMENT - NUMBER OF OPERATIONS",TOTAL,NOT SPECIFIED,COUNTY,51,51,VA,VIRGINIA,70,SOUTHWESTERN,173,173,SMYTH,"VIRGINIA, SOUTHWESTERN, SMYTH",2022,ANNUAL,6.0,28.5,51173
CENSUS,ECONOMICS,IRRIGATION,FACILITIES & EQUIPMENT,"IRRIGATION, SYSTEMS & EQUIPMENT",ALL PRODUCTION PRACTICES,ALL UTILIZATION PRACTICES,AREA,OPERATIONS,"FACILITIES & EQUIPMENT, IRRIGATION, SYSTEMS & EQUIPMENT - NUMBER OF OPERATIONS",TOTAL,NOT SPECIFIED,COUNTY,51,51,VA,VIRGINIA,70,SOUTHWESTERN,185,185,TAZEWELL,"VIRGINIA, SOUTHWESTERN, TAZEWELL",2022,ANNUAL,5.0,28.5,51185
CENSUS,ECONOMICS,IRRIGATION,FACILITIES & EQUIPMENT,"IRRIGATION, SYSTEMS & EQUIPMENT",ALL PRODUCTION PRACTICES,ALL UTILIZATION PRACTICES,AREA,OPERATIONS,"FACILITIES & EQUIPMENT, IRRIGATION, SYSTEMS & EQUIPMENT - NUMBER OF OPERATIONS",TOTAL,NOT SPECIFIED,COUNTY,51,51,VA,VIRGINIA,70,SOUTHWESTERN,191,191,WASHINGTON,"VIRGINIA, SOUTHWESTERN, WASHINGTON",2022,ANNUAL,48.0,28.5,51191
CENSUS,ECONOMICS,IRRIGATION,FACILITIES & EQUIPMENT,"IRRIGATION, SYSTEMS & EQUIPMENT",ALL PRODUCTION PRACTICES,ALL UTILIZATION PRACTICES,AREA,OPERATIONS,"FACILITIES & EQUIPMENT, IRRIGATION, SYSTEMS & EQUIPMENT - NUMBER OF OPERATIONS",TOTAL,NOT SPECIFIED,COUNTY,51,51,VA,VIRGINIA,70,SOUTHWESTERN,195,195,WISE,"VIRGINIA, SOUTHWESTERN, WISE",2022,ANNUAL,12.0,28.5,51195
CENSUS,ECONOMICS,IRRIGATION,FACILITIES & EQUIPMENT,"IRRIGATION, SYSTEMS & EQUIPMENT",ALL PRODUCTION PRACTICES,ALL UTILIZATION PRACTICES,AREA,OPERATIONS,"FACILITIES & EQUIPMENT, IRRIGATION, SYSTEMS & EQUIPMENT - NUMBER OF OPERATIONS",TOTAL,NOT SPECIFIED,COUNTY,51,51,VA,VIRGINIA,70,SOUTHWESTERN,197,197,WYTHE,"VIRGINIA, SOUTHWESTERN, WYTHE",2022,ANNUAL,18.0,28.5,51197
CENSUS,ECONOMICS,IRRIGATION,FACILITIES & EQUIPMENT,"IRRIGATION, SYSTEMS & EQUIPMENT",ALL PRODUCTION PRACTICES,ALL UTILIZATION PRACTICES,AREA,OPERATIONS,"FACILITIES & EQUIPMENT, IRRIGATION, SYSTEMS & EQUIPMENT - NUMBER OF OPERATIONS",TOTAL,NOT SPECIFIED,COUNTY,51,51,VA,VIRGINIA,80,SOUTHERN,37,037,CHARLOTTE,"VIRGINIA, SOUTHERN, CHARLOTTE",2022,ANNUAL,26.0,28.5,51037
CENSUS,ECONOMICS,IRRIGATION,FACILITIES & EQUIPMENT,"IRRIGATION, SYSTEMS & EQUIPMENT",ALL PRODUCTION PRACTICES,ALL UTILIZATION PRACTICES,AREA,OPERATIONS,"FACILITIES & EQUIPMENT, IRRIGATION, SYSTEMS & EQUIPMENT - NUMBER OF OPERATIONS",TOTAL,NOT SPECIFIED,COUNTY,51,51,VA,VIRGINIA,80,SOUTHERN,67,067,FRANKLIN,"VIRGINIA, SOUTHERN, FRANKLIN",2022,ANNUAL,55.0,28.5,51067
CENSUS,ECONOMICS,IRRIGATION,FACILITIES & EQUIPMENT,"IRRIGATION, SYSTEMS & EQUIPMENT",ALL PRODUCTION PRACTICES,ALL UTILIZATION PRACTICES,AREA,OPERATIONS,"FACILITIES & EQUIPMENT, IRRIGATION, SYSTEMS & EQUIPMENT - NUMBER OF OPERATIONS",TOTAL,NOT SPECIFIED,COUNTY,51,51,VA,VIRGINIA,80,SOUTHERN,83,083,HALIFAX,"VIRGINIA, SOUTHERN, HALIFAX",2022,ANNUAL,49.0,28.5,51083
CENSUS,ECONOMICS,IRRIGATION,FACILITIES & EQUIPMENT,"IRRIGATION, SYSTEMS & EQUIPMENT",ALL PRODUCTION PRACTICES,ALL UTILIZATION PRACTICES,AREA,OPERATIONS,"FACILITIES & EQUIPMENT, IRRIGATION, SYSTEMS & EQUIPMENT - NUMBER OF OPERATIONS",TOTAL,NOT SPECIFIED,COUNTY,51,51,VA,VIRGINIA,80,SOUTHERN,89,089,HENRY,"VIRGINIA, SOUTHERN, HENRY",2022,ANNUAL,16.0,28.5,51089
CENSUS,ECONOMICS,IRRIGATION,FACILITIES & EQUIPMENT,"IRRIGATION, SYSTEMS & EQUIPMENT",ALL PRODUCTION PRACTICES,ALL UTILIZATION PRACTICES,AREA,OPERATIONS,"FACILITIES & EQUIPMENT, IRRIGATION, SYSTEMS & EQUIPMENT - NUMBER OF OPERATIONS",TOTAL,NOT SPECIFIED,COUNTY,51,51,VA,VIRGINIA,80,SOUTHERN,111,111,LUNENBURG,"VIRGINIA, SOUTHERN, LUNENBURG",2022,ANNUAL,19.0,28.5,51111
CENSUS,ECONOMICS,IRRIGATION,FACILITIES & EQUIPMENT,"IRRIGATION, SYSTEMS & EQUIPMENT",ALL PRODUCTION PRACTICES,ALL UTILIZATION PRACTICES,AREA,OPERATIONS,"FACILITIES & EQUIPMENT, IRRIGATION, SYSTEMS & EQUIPMENT - NUMBER OF OPERATIONS",TOTAL,NOT SPECIFIED,COUNTY,51,51,VA,VIRGINIA,80,SOUTHERN,135,135,NOTTOWAY,"VIRGINIA, SOUTHERN, NOTTOWAY",2022,ANNUAL,13.0,28.5,51135
CENSUS,ECONOMICS,IRRIGATION,FACILITIES & EQUIPMENT,"IRRIGATION, SYSTEMS & EQUIPMENT",ALL PRODUCTION PRACTICES,ALL UTILIZATION PRACTICES,AREA,OPERATIONS,"FACILITIES & EQUIPMENT, IRRIGATION, SYSTEMS & EQUIPMENT - NUMBER OF OPERATIONS",TOTAL,NOT SPECIFIED,COUNTY,51,51,VA,VIRGINIA,80,SOUTHERN,141,141,PATRICK,"VIRGINIA, SOUTHERN, PATRICK",2022,ANNUAL,16.0,28.5,51141
CENSUS,ECONOMICS,IRRIGATION,FACILITIES & EQUIPMENT,"IRRIGATION, SYSTEMS & EQUIPMENT",ALL PRODUCTION PRACTICES,ALL UTILIZATION PRACTICES,AREA,OPERATIONS,"FACILITIES & EQUIPMENT, IRRIGATION, SYSTEMS & EQUIPMENT - NUMBER OF OPERATIONS",TOTAL,NOT SPECIFIED,COUNTY,51,51,VA,VIRGINIA,80,SOUTHERN,143,143,PITTSYLVANIA,"VIRGINIA, SOUTHERN, PITTSYLVANIA",2022,ANNUAL,57.0,28.5,51143
CENSUS,ECONOMICS,IRRIGATION,FACILITIES & EQUIPMENT,"IRRIGATION, SYSTEMS & EQUIPMENT",ALL PRODUCTION PRACTICES,ALL UTILIZATION PRACTICES,AREA,OPERATIONS,"FACILITIES & EQUIPMENT, IRRIGATION, SYSTEMS & EQUIPMENT - NUMBER OF OPERATIONS",TOTAL,NOT SPECIFIED,COUNTY,51,51,VA,VIRGINIA,90,SOUTHEASTERN,25,025,BRUNSWICK,"VIRGINIA, SOUTHEASTERN, BRUNSWICK",2022,ANNUAL,18.0,28.5,51025
CENSUS,ECONOMICS,IRRIGATION,FACILITIES & EQUIPMENT,"IRRIGATION, SYSTEMS & EQUIPMENT",ALL PRODUCTION PRACTICES,ALL UTILIZATION PRACTICES,AREA,OPERATIONS,"FACILITIES & EQUIPMENT, IRRIGATION, SYSTEMS & EQUIPMENT - NUMBER OF OPERATIONS",TOTAL,NOT SPECIFIED,COUNTY,51,51,VA,VIRGINIA,90,SOUTHEASTERN,53,053,DINWIDDIE,"VIRGINIA, SOUTHEASTERN, DINWIDDIE",2022,ANNUAL,21.0,28.5,51053
CENSUS,ECONOMICS,IRRIGATION,FACILITIES & EQUIPMENT,"IRRIGATION, SYSTEMS & EQUIPMENT",ALL PRODUCTION PRACTICES,ALL UTILIZATION PRACTICES,AREA,OPERATIONS,"FACILITIES & EQUIPMENT, IRRIGATION, SYSTEMS & EQUIPMENT - NUMBER OF OPERATIONS",TOTAL,NOT SPECIFIED,COUNTY,51,51,VA,VIRGINIA,90,SOUTHEASTERN,81,081,GREENSVILLE,"VIRGINIA, SOUTHEASTERN, GREENSVILLE",2022,ANNUAL,3.0,28.5,51081
CENSUS,ECONOMICS,IRRIGATION,FACILITIES & EQUIPMENT,"IRRIGATION, SYSTEMS & EQUIPMENT",ALL PRODUCTION PRACTICES,ALL UTILIZATION PRACTICES,AREA,OPERATIONS,"FACILITIES & EQUIPMENT, IRRIGATION, SYSTEMS & EQUIPMENT - NUMBER OF OPERATIONS",TOTAL,NOT SPECIFIED,COUNTY,51,51,VA,VIRGINIA,90,SOUTHEASTERN,93,093,ISLE OF WIGHT,"VIRGINIA, SOUTHEASTERN, ISLE OF WIGHT",2022,ANNUAL,17.0,28.5,51093
CENSUS,ECONOMICS,IRRIGATION,FACILITIES & EQUIPMENT,"IRRIGATION, SYSTEMS & EQUIPMENT",ALL PRODUCTION PRACTICES,ALL UTILIZATION PRACTICES,AREA,OPERATIONS,"FACILITIES & EQUIPMENT, IRRIGATION, SYSTEMS & EQUIPMENT - NUMBER OF OPERATIONS",TOTAL,NOT SPECIFIED,COUNTY,51,51,VA,VIRGINIA,90,SOUTHEASTERN,117,117,MECKLENBURG,"VIRGINIA, SOUTHEASTERN, MECKLENBURG",2022,ANNUAL,35.0,28.5,51117
CENSUS,ECONOMICS,IRRIGATION,FACILITIES & EQUIPMENT,"IRRIGATION, SYSTEMS & EQUIPMENT",ALL PRODUCTION PRACTICES,ALL UTILIZATION PRACTICES,AREA,OPERATIONS,"FACILITIES & EQUIPMENT, IRRIGATION, SYSTEMS & EQUIPMENT - NUMBER OF OPERATIONS",TOTAL,NOT SPECIFIED,COUNTY,51,51,VA,VIRGINIA,90,SOUTHEASTERN,149,149,PRINCE GEORGE,"VIRGINIA, SOUTHEASTERN, PRINCE GEORGE",2022,ANNUAL,19.0,28.5,51149
CENSUS,ECONOMICS,IRRIGATION,FACILITIES & EQUIPMENT,"IRRIGATION, SYSTEMS & EQUIPMENT",ALL PRODUCTION PRACTICES,ALL UTILIZATION PRACTICES,AREA,OPERATIONS,"FACILITIES & EQUIPMENT, IRRIGATION, SYSTEMS & EQUIPMENT - NUMBER OF OPERATIONS",TOTAL,NOT SPECIFIED,COUNTY,51,51,VA,VIRGINIA,90,SOUTHEASTERN,175,175,SOUTHAMPTON,"VIRGINIA, SOUTHEASTERN, SOUTHAMPTON",2022,ANNUAL,27.0,28.5,51175
CENSUS,ECONOMICS,IRRIGATION,FACILITIES & EQUIPMENT,"IRRIGATION, SYSTEMS & EQUIPMENT",ALL PRODUCTION PRACTICES,ALL UTILIZATION PRACTICES,AREA,OPERATIONS,"FACILITIES & EQUIPMENT, IRRIGATION, SYSTEMS & EQUIPMENT - NUMBER OF OPERATIONS",TOTAL,NOT SPECIFIED,COUNTY,51,51,VA,VIRGINIA,90,SOUTHEASTERN,181,181,SURRY,"VIRGINIA, SOUTHEASTERN, SURRY",2022,ANNUAL,19.0,28.5,51181
CENSUS,ECONOMICS,IRRIGATION,FACILITIES & EQUIPMENT,"IRRIGATION, SYSTEMS & EQUIPMENT",ALL PRODUCTION PRACTICES,ALL UTILIZATION PRACTICES,AREA,OPERATIONS,"FACILITIES & EQUIPMENT, IRRIGATION, SYSTEMS & EQUIPMENT - NUMBER OF OPERATIONS",TOTAL,NOT SPECIFIED,COUNTY,51,51,VA,VIRGINIA,90,SOUTHEASTERN,183,183,SUSSEX,"VIRGINIA, SOUTHEASTERN, SUSSEX",2022,ANNUAL,4.0,28.5,51183
CENSUS,ECONOMICS,IRRIGATION,FACILITIES & EQUIPMENT,"IRRIGATION, SYSTEMS & EQUIPMENT",ALL PRODUCTION PRACTICES,ALL UTILIZATION PRACTICES,AREA,OPERATIONS,"FACILITIES & EQUIPMENT, IRRIGATION, SYSTEMS & EQUIPMENT - NUMBER OF OPERATIONS",TOTAL,NOT SPECIFIED,COUNTY,51,51,VA,VIRGINIA,90,SOUTHEASTERN,550,550,CHESAPEAKE CITY,"VIRGINIA, SOUTHEASTERN, CHESAPEAKE CITY",2022,ANNUAL,11.0,28.5,51550
CENSUS,ECONOMICS,IRRIGATION,FACILITIES & EQUIPMENT,"IRRIGATION, SYSTEMS & EQUIPMENT",ALL PRODUCTION PRACTICES,ALL UTILIZATION PRACTICES,AREA,OPERATIONS,"FACILITIES & EQUIPMENT, IRRIGATION, SYSTEMS & EQUIPMENT - NUMBER OF OPERATIONS",TOTAL,NOT SPECIFIED,COUNTY,51,51,VA,VIRGINIA,90,SOUTHEASTERN,800,800,SUFFOLK CITY,"VIRGINIA, SOUTHEASTERN, SUFFOLK CITY",2022,ANNUAL,25.0,28.5,51800
CENSUS,ECONOMICS,IRRIGATION,FACILITIES & EQUIPMENT,"IRRIGATION, SYSTEMS & EQUIPMENT",ALL PRODUCTION PRACTICES,ALL UTILIZATION PRACTICES,AREA,OPERATIONS,"FACILITIES & EQUIPMENT, IRRIGATION, SYSTEMS & EQUIPMENT - NUMBER OF OPERATIONS",TOTAL,NOT SPECIFIED,COUNTY,51,51,VA,VIRGINIA,90,SOUTHEASTERN,810,810,VIRGINIA BEACH CITY,"VIRGINIA, SOUTHEASTERN, VIRGINIA BEACH CITY",2022,ANNUAL,31.0,28.5,51810
